{ "NGA": "Southeastern Anatolia", "PolID": "TrNeoc", "Time": "-10000", "PolPop": "20000", "PolTerr": "20000", "government": "0.0", "infrastr": "0.1", "infomedia": "0.0", "economy": "0.0", "scale": "0.0", "description": "Neolithic Revolution in the Fertile Crescent (Natufian culture). Emergence of settled agriculture and start of the Neolithic period. Beginning of the Holocene era." }
{ "NGA": "Anatolia", "PolID": "TrHattc", "Time": "-2500", "PolPop": "500000", "PolTerr": "150000", "government": "0.1", "infrastr": "0.2", "infomedia": "0.1", "economy": "0.1", "scale": "0.2", "description": "Hattians civilization flourished in central Anatolia. Development of a writing system and trade networks." }
{ "NGA": "Hattusa", "PolID": "TrHittk", "Time": "-1500", "PolPop": "1000000", "PolTerr": "200000", "government": "0.1", "infrastr": "0.3", "infomedia": "0.2", "economy": "0.2", "scale": "0.3", "description": "Hittite Empire reached its peak under Suppiluliuma I. Conquest of Mitanni and conflicts with Egypt." }
{ "NGA": "Gordion", "PolID": "TrPhrk", "Time": "-700", "PolPop": "500000", "PolTerr": "100000", "government": "0.1", "infrastr": "0.2", "infomedia": "0.1", "economy": "0.1", "scale": "0.2", "description": "Phrygian Kingdom under King Midas. Rise of a powerful kingdom in western Anatolia." }
{ "NGA": "Sardis", "PolID": "TrLydik", "Time": "-600", "PolPop": "1000000", "PolTerr": "150000", "government": "0.1", "infrastr": "0.3", "infomedia": "0.2", "economy": "0.2", "scale": "0.3", "description": "Lydian Kingdom under King Croesus. Development of the first gold coins and a strong economy." }
{ "NGA": "Perge", "PolID": "TrPamk", "Time": "-300", "PolPop": "500000", "PolTerr": "100000", "government": "0.1", "infrastr": "0.2", "infomedia": "0.1", "economy": "0.1", "scale": "0.2", "description": "Pamphylia region under Greek influence. Foundation of cities like Perge and Aspendos." }
{ "NGA": "Ephesus", "PolID": "TrRomre", "Time": "100", "PolPop": "2000000", "PolTerr": "200000", "government": "0.2", "infrastr": "0.4", "infomedia": "0.3", "economy": "0.3", "scale": "0.4", "description": "Roman Province of Asia under the Roman Empire. Flourishing cities like Ephesus and Pergamon." }
{ "NGA": "Nicaea", "PolID": "TrByzk", "Time": "400", "PolPop": "1500000", "PolTerr": "150000", "government": "0.2", "infrastr": "0.3", "infomedia": "0.2", "economy": "0.2", "scale": "0.3", "description": "Byzantine Empire under Emperor Theodosius I. Nicaea as the temporary capital." }
{ "NGA": "Bursa", "PolID": "TrOttem", "Time": "1300", "PolPop": "1000000", "PolTerr": "100000", "government": "0.1", "infrastr": "0.2", "infomedia": "0.1", "economy": "0.1", "scale": "0.2", "description": "Ottoman Empire founded by Osman Bey. Expansion into the Balkans." }
{ "NGA": "Istanbul", "PolID": "TrOttem", "Time": "1500", "PolPop": "2000000", "PolTerr": "200000", "government": "0.2", "infrastr": "0.4", "infomedia": "0.3", "economy": "0.3", "scale": "0.4", "description": "Ottoman Empire under Suleiman the Magnificent. Conquest of the Middle East and North Africa." }
{ "NGA": "Ankara", "PolID": "TrTurkr", "Time": "2000", "PolPop": "70000000", "PolTerr": "780000", "government": "0.3", "infrastr": "0.6", "infomedia": "0.5", "economy": "0.5", "scale": "0.6", "description": "Modern Republic of Turkey under President Ahmet Necdet Sezer. Economic growth and EU membership negotiations." }