{ "NGA": "Ecuador", "PolID": "EcValcn", "Time": "-10000", "PolPop": null, "PolTerr": null, "government": null, "infrastr": "0.1", "infomedia": "0.0", "economy": "0.0", "scale": "0.0", "description": "Initial settlement of the Americas. Early Paleoindian groups (Las Huellas Culture)." }
{ "NGA": "Ecuador", "PolID": "EcValcn", "Time": "-9000", "PolPop": null, "PolTerr": null, "government": null, "infrastr": "0.1", "infomedia": "0.0", "economy": "0.0", "scale": "0.0", "description": "Late Paleoindian groups (Tolita Culture). The region was known for the initial adoption of maize agriculture and initial band structures." }
{ "NGA": "Ecuador", "PolID": "EcFormcn", "Time": "-5000", "PolPop": null, "PolTerr": null, "government": null, "infrastr": "0.2", "infomedia": "0.0", "economy": "0.1", "scale": "0.1", "description": "Valdivia Culture. Recognized for its ceramics dated to be around 5200 BCE." }
{ "NGA": "Ecuador", "PolID": "EcMachnk", "Time": "-1500", "PolPop": null, "PolTerr": null, "government": "0.0", "infrastr": "0.3", "infomedia": "0.0", "economy": "0.1", "scale": "0.2", "description": "Machalilla culture developed, with growth in maize production and establishing trade routes." }
{ "NGA": "Ecuador", "PolID": "EcChavnk", "Time": "-900", "PolPop": null, "PolTerr": null, "government": "0.0", "infrastr": "0.3", "infomedia": "0.0", "economy": "0.2", "scale": "0.3", "description": "Chavín culture demonstrated continued development of ceremonial centers, increased social complexity and gain of further craft specialization." }
{ "NGA": "Ecuador", "PolID": "EcCaznk", "Time": "-500", "PolPop": null, "PolTerr": null, "government": "0.0", "infrastr": "0.3", "infomedia": "0.0", "economy": "0.2", "scale": "0.3", "description": "Caz Culture. Integration into the Nazca regional trade network and deeper specialization and move towards mastercraftsmen." }
{ "NGA": "Ecuador", "PolID": "EcJivnk", "Time": "500", "PolPop": null, "PolTerr": null, "government": "0.0", "infrastr": "0.3", "infomedia": "0.0", "economy": "0.2", "scale": "0.2", "description": "The Jivaro peoples. Development of mythology that reveals a deep relationship with plant life and understanding of forested environments." }
{ "NGA": "Ecuador", "PolID": "InJivnr", "Time": "1500", "PolPop": null, "PolTerr": null, "government": "0.0", "infrastr": "0.3", "infomedia": "0.1", "economy": "0.2", "scale": "0.3", "description": "Inca Empire integration of North. Jivaroan peoples created dispersed settlements. interaction with the conquistadors." }
{ "NGA": "Ecuador", "PolID": "SpQuitor", "Time": "1600", "PolPop": "500000", "PolTerr": null, "government": "0.1", "infrastr": "0.3", "infomedia": "0.2", "economy": "0.3", "scale": "0.4", "description": "Spanish colonization. Spanish conquistador Sebastián de Benalcázar founded Quito. New Hispanic society with missions, colonial divisions and subsistence farms." }
{ "NGA": "Ecuador", "PolID": "EcGranr", "Time": "1800", "PolPop": "700000", "PolTerr": "62346", "government": "0.2", "infrastr": "0.4", "infomedia": "0.3", "economy": "0.3", "scale": "0.5", "description": "Gran Colombia declared independence from Spain with Ecuador as a core member state." }
{ "NGA": "Ecuador", "PolID": "EcRepkr", "Time": "1900", "PolPop": "1348000", "PolTerr": "283561", "government": "0.2", "infrastr": "0.5", "infomedia": "0.4", "economy": "0.4", "scale": "0.5", "description": "The Liberal Revolution established the republic. Early banking systems." }
{ "NGA": "Ecuador", "PolID": "EcDemkr", "Time": "2000", "PolPop": "13063497", "PolTerr": "283561", "government": "0.2", "infrastr": "0.6", "infomedia": "0.5", "economy": "0.5", "scale": "0.5", "description": "Significant demonstrations by indigenous peoples against a neoliberal economic reform package." }