{ "NGA": "Las Huellas", "PolID": "EcValdi", "Time": "-9800", "PolPop": "1000", "PolTerr": "1000", "government": "0.0", "infrastr": "0.1", "infomedia": "0.0", "economy": "0.0", "scale": "0.0", "description": "Early Valdivia culture. The Valdivia culture is one of the oldest known cultures in the Americas (Roosevelt et al., 1991; Marcos, 2003). Las Huellas site has remains of one of the earliest known Valdivian occupations, dating to around 9800 BC." }
{ "NGA": "Real Alto", "PolID": "EcValdk", "Time": "-3500", "PolPop": "5000", "PolTerr": "5000", "government": "0.1", "infrastr": "0.2", "infomedia": "0.1", "economy": "0.1", "scale": "0.2", "description": "Valdivia culture, with a more complex social hierarchy. Real Alto site shows evidence of increased ceremonial and ritual activities, as well as more complex architecture (Marcos, 2003)." }
{ "NGA": "Chorrera", "PolID": "EcChorn", "Time": "-1500", "PolPop": "10000", "PolTerr": "10000", "government": "0.1", "infrastr": "0.2", "infomedia": "0.1", "economy": "0.1", "scale": "0.2", "description": "Chorrera culture. Known for their ceramics and textiles, Chorrera people were farmers and traders (Zeidler, 2004). Chorrera culture is considered a transitional period between the Valdivia and the subsequent cultures." }
{ "NGA": "Tairona", "PolID": "EcTaink", "Time": "100", "PolPop": "50000", "PolTerr": "20000", "government": "0.1", "infrastr": "0.3", "infomedia": "0.2", "economy": "0.2", "scale": "0.4", "description": "Tairona culture. Tairona people were expert goldsmiths and traders. The Tairona culture was characterized by a more complex social hierarchy and increased agriculture (Bray, 1978)." }
{ "NGA": "Cuenca", "PolID": "EcIncek", "Time": "500", "PolPop": "200000", "PolTerr": "50000", "government": "0.2", "infrastr": "0.4", "infomedia": "0.3", "economy": "0.3", "scale": "0.5", "description": "Inca Empire. The Incas conquered Ecuador in the 15th century and established their own administration and road system (Hyslop, 1984). The Inca Empire brought significant changes to the local cultures and populations." }
{ "NGA": "Quito", "PolID": "EcSpak", "Time": "1530", "PolPop": "500000", "PolTerr": "100000", "government": "0.2", "infrastr": "0.5", "infomedia": "0.4", "economy": "0.4", "scale": "0.6", "description": "Spanish colonization. Quito was founded in 1534 by the Spanish, who conquered the Inca Empire and established their own administration (Minchom, 1994). The Spanish colonization brought significant changes to the local cultures and populations." }
{ "NGA": "Amazonas", "PolID": "EcJivn", "Time": "1900", "PolPop": "100000", "PolTerr": "50000", "government": "0.1", "infrastr": "0.2", "infomedia": "0.1", "economy": "0.1", "scale": "0.2", "description": "Jivaroan peoples. The Jivaroan peoples have traditionally inhabited the Amazon rainforest in eastern Ecuador (Descola, 1994). The Jivaroan peoples have a complex social organization and have historically been involved in intergroup conflicts and alliances." }
{ "NGA": "Quito", "PolID": "EcEcr", "Time": "2000", "PolPop": "13000000", "PolTerr": "283561", "government": "0.3", "infrastr": "0.7", "infomedia": "0.5", "economy": "0.5", "scale": "0.7", "description": "Modern Ecuador. Ecuador gained independence from Spain in 1822 and has since been a republic (Pineo, 2007). Ecuador has experienced significant economic growth and urbanization in recent decades, but still faces challenges related to poverty and inequality." }