{ "NGA": "Las Vegas", "PolID": "EcLvnci", "Time": "-10000", "PolPop": "1000", "PolTerr": "10000", "government": "0.0", "infrastr": "0.1", "infomedia": "0.0", "economy": "0.0", "scale": "0.0", "description": "Early hunter-gatherers groups in Las Vegas culture (Stothert, 1985)" }
{ "NGA": "Valdivia", "PolID": "EcVdcie", "Time": "-3500", "PolPop": "5000", "PolTerr": "50000", "government": "0.1", "infrastr": "0.2", "infomedia": "0.1", "economy": "0.1", "scale": "0.1", "description": "Valdivia culture, one of the earliest ceramic cultures in the Americas (Meggers et al., 1965)" }
{ "NGA": "Machalilla", "PolID": "EcMchce", "Time": "-2000", "PolPop": "10000", "PolTerr": "100000", "government": "0.2", "infrastr": "0.3", "infomedia": "0.2", "economy": "0.2", "scale": "0.2", "description": "Machalilla culture, known for its sophisticated ceramics and trade networks (Bischof, 1975)" }
{ "NGA": "Chorrera", "PolID": "EcChfce", "Time": "-1000", "PolPop": "20000", "PolTerr": "200000", "government": "0.3", "infrastr": "0.4", "infomedia": "0.3", "economy": "0.3", "scale": "0.3", "description": "Chorrera culture, characterized by its elaborate ceramics and ceremonial centers (Lathrap et al., 1975)" }
{ "NGA": "Tolita", "PolID": "EcTltce", "Time": "-500", "PolPop": "50000", "PolTerr": "500000", "government": "0.4", "infrastr": "0.5", "infomedia": "0.4", "economy": "0.4", "scale": "0.4", "description": "Tolita culture, known for its goldwork and trade networks with Colombia and Peru (Plazas, 1977)" }
{ "NGA": "Cuenca", "PolID": "EcCncie", "Time": "500", "PolPop": "100000", "PolTerr": "1000000", "government": "0.5", "infrastr": "0.6", "infomedia": "0.5", "economy": "0.5", "scale": "0.5", "description": "Cañari culture, later absorbed into the Inca Empire (Salomon, 1986)" }
{ "NGA": "Quito", "PolID": "EcQtke", "Time": "1500", "PolPop": "500000", "PolTerr": "5000000", "government": "0.6", "infrastr": "0.7", "infomedia": "0.6", "economy": "0.6", "scale": "0.6", "description": "Inca Empire, under the rule of Huayna Capac (Salomon, 1986)" }
{ "NGA": "Quito", "PolID": "EcQtke", "Time": "1600", "PolPop": "200000", "PolTerr": "2000000", "government": "0.7", "infrastr": "0.7", "infomedia": "0.7", "economy": "0.7", "scale": "0.7", "description": "Spanish colonization, founding of Quito (Moreno, 1985)" }
{ "NGA": "Quito", "PolID": "EcQtke", "Time": "1800", "PolPop": "500000", "PolTerr": "5000000", "government": "0.7", "infrastr": "0.7", "infomedia": "0.7", "economy": "0.7", "scale": "0.7", "description": "Independence from Spain, Gran Colombia (Moreno, 1985)" }
{ "NGA": "Quito", "PolID": "EcQtke", "Time": "1900", "PolPop": "1000000", "PolTerr": "10000000", "government": "0.7", "infrastr": "0.7", "infomedia": "0.7", "economy": "0.7", "scale": "0.7", "description": "Liberal Revolution, modernization of the country (Ayala, 1985)" }
{ "NGA": "Quito", "PolID": "EcQtke", "Time": "2000", "PolPop": "12000000", "PolTerr": "12000000", "government": "0.7", "infrastr": "0.7", "infomedia": "0.7", "economy": "0.7", "scale": "0.7", "description": "Contemporary Ecuador, democratic government (Freidenberg, 2003)" }
{ "NGA": "Amazonas", "PolID": "EcJvnci", "Time": "-10000", "PolPop": "1000", "PolTerr": "10000", "government": "0.0", "infrastr": "0.1", "infomedia": "0.0", "economy": "0.0", "scale": "0.0", "description": "Early hunter-gatherers groups in the Amazonas region (Roosevelt, 1991)" }
{ "NGA": "Amazonas", "PolID": "EcJvnce", "Time": "1500", "PolPop": "5000", "PolTerr": "50000", "government": "0.1", "infrastr": "0.2", "infomedia": "0.1", "economy": "0.1", "scale": "0.1", "description": "Jivaroan peoples, known for their skilled hunting and gathering practices (Harner, 1972)" }
{ "NGA": "Amazonas", "PolID": "EcJvnne", "Time": "1800", "PolPop": "10000", "PolTerr": "100000", "government": "0.2", "infrastr": "0.3", "infomedia": "0.2", "economy": "0.2", "scale": "0.2", "description": "Jivaroan peoples, resisting colonization and maintaining their traditional way of life (Taylor, 1994)" }
{ "NGA": "Amazonas", "PolID": "EcJvnle", "Time": "2000", "PolPop": "20000", "PolTerr": "200000", "government": "0.3", "infrastr": "0.4", "infomedia": "0.3", "economy": "0.3", "scale": "0.3", "description": "Contemporary Jivaroan peoples, facing challenges from deforestation and oil extraction (Lu, 2010)" }