{ "NGA": "Kyushu", "PolID": "JaJomonc", "Time": "-10000", "PolPop": "20000", "PolTerr": "100000", "government": "0.0", "infrastr": "0.1", "infomedia": "0.0", "economy": "0.0", "scale": "0.0", "description": "Incipient Jomon culture, hunter-gatherer groups" }
{ "NGA": "Honshu", "PolID": "JaJomonc", "Time": "-9000", "PolPop": "50000", "PolTerr": "200000", "government": "0.0", "infrastr": "0.1", "infomedia": "0.0", "economy": "0.0", "scale": "0.0", "description": "Early Jomon culture, development of pottery" }
{ "NGA": "Honshu", "PolID": "JaJomonf", "Time": "-8000", "PolPop": "100000", "PolTerr": "300000", "government": "0.0", "infrastr": "0.1", "infomedia": "0.0", "economy": "0.0", "scale": "0.0", "description": "Middle Jomon culture, increased complexity in social organization" }
{ "NGA": "Honshu", "PolID": "JaJomonm", "Time": "-5000", "PolPop": "200000", "PolTerr": "400000", "government": "0.0", "infrastr": "0.1", "infomedia": "0.0", "economy": "0.0", "scale": "0.0", "description": "Late Jomon culture, development of agriculture" }
{ "NGA": "Kyushu", "PolID": "JaYayoic", "Time": "-3000", "PolPop": "50000", "PolTerr": "100000", "government": "0.0", "infrastr": "0.1", "infomedia": "0.0", "economy": "0.0", "scale": "0.0", "description": "Incipient Yayoi culture, introduction of rice agriculture" }
{ "NGA": "Honshu", "PolID": "JaYayoif", "Time": "-2000", "PolPop": "1000000", "PolTerr": "500000", "government": "0.1", "infrastr": "0.2", "infomedia": "0.1", "economy": "0.1", "scale": "0.1", "description": "Early Yayoi culture, development of social hierarchy" }
{ "NGA": "Honshu", "PolID": "JaYayoiM", "Time": "-1000", "PolPop": "2000000", "PolTerr": "600000", "government": "0.1", "infrastr": "0.2", "infomedia": "0.1", "economy": "0.1", "scale": "0.1", "description": "Middle Yayoi culture, increased trade with China and Korea" }
{ "NGA": "Honshu", "PolID": "JaYayoil", "Time": "-500", "PolPop": "3000000", "PolTerr": "700000", "government": "0.1", "infrastr": "0.2", "infomedia": "0.1", "economy": "0.1", "scale": "0.1", "description": "Late Yayoi culture, development of iron tools" }
{ "NGA": "Honshu", "PolID": "JaKofune", "Time": "300", "PolPop": "4000000", "PolTerr": "800000", "government": "0.2", "infrastr": "0.3", "infomedia": "0.2", "economy": "0.2", "scale": "0.2", "description": "Kofun period, establishment of Yamato state" }
{ "NGA": "Honshu", "PolID": "JaAsukak", "Time": "600", "PolPop": "5000000", "PolTerr": "900000", "government": "0.2", "infrastr": "0.3", "infomedia": "0.2", "economy": "0.2", "scale": "0.2", "description": "Asuka period, introduction of Buddhism" }
{ "NGA": "Honshu", "PolID": "JaNarar", "Time": "800", "PolPop": "6000000", "PolTerr": "1000000", "government": "0.2", "infrastr": "0.3", "infomedia": "0.2", "economy": "0.2", "scale": "0.2", "description": "Nara period, establishment of imperial court" }
{ "NGA": "Honshu", "PolID": "JaHeiank", "Time": "1000", "PolPop": "7000000", "PolTerr": "1100000", "government": "0.2", "infrastr": "0.3", "infomedia": "0.2", "economy": "0.2", "scale": "0.2", "description": "Heian period, rise of samurai class" }
{ "NGA": "Honshu", "PolID": "JaKamakurak", "Time": "1200", "PolPop": "8000000", "PolTerr": "1200000", "government": "0.3", "infrastr": "0.4", "infomedia": "0.3", "economy": "0.3", "scale": "0.3", "description": "Kamakura period, establishment of shogunate" }
{ "NGA": "Honshu", "PolID": "JaMuromachik", "Time": "1400", "PolPop": "9000000", "PolTerr": "1300000", "government": "0.3", "infrastr": "0.4", "infomedia": "0.3", "economy": "0.3", "scale": "0.3", "description": "Muromachi period, rise of Zen Buddhism" }
{ "NGA": "Honshu", "PolID": "JaSengokuk", "Time": "1600", "PolPop": "10000000", "PolTerr": "1400000", "government": "0.3", "infrastr": "0.4", "infomedia": "0.3", "economy": "0.3", "scale": "0.3", "description": "Sengoku period, unification of Japan" }
{ "NGA": "Honshu", "PolID": "JaEdok", "Time": "1800", "PolPop": "12000000", "PolTerr": "1500000", "government": "0.3", "infrastr": "0.4", "infomedia": "0.3", "economy": "0.3", "scale": "0.3", "description": "Edo period, isolationist policies" }
{ "NGA": "Honshu", "PolID": "JaMeijir", "Time": "1900", "PolPop": "15000000", "PolTerr": "1600000", "government": "0.4", "infrastr": "0.5", "infomedia": "0.4", "economy": "0.4", "scale": "0.4", "description": "Meiji period, modernization of Japan" }
{ "NGA": "Honshu", "PolID": "JaTaishor", "Time": "2000", "PolPop": "18000000", "PolTerr": "1700000", "government": "0.4", "infrastr": "0.6", "infomedia": "0.5", "economy": "0.5", "scale": "0.5", "description": "Taisho period, democratic reforms" }
{ "NGA": "Honshu", "PolID": "JaShowar", "Time": "2010", "PolPop": "20000000", "PolTerr": "1800000", "government": "0.4", "infrastr": "0.7", "infomedia": "0.5", "economy": "0.5", "scale": "0.5", "description": "Showa period, post-war economic growth" }