{ "NGA": "Ryukyu Islands", "PolID": "JaJoek", "Time": "-9000", "PolPop": "40000", "PolTerr": "4437", "government": null, "infrastr": "0.1", "infomedia": "0.0", "economy": "0.0", "scale": "0.0", "description": "Jomon people developed a more complex and organized society and pottery." }
{ "NGA": "Kyushu", "PolID": "JaYaoc", "Time": "-300", "PolPop": "1000000", "PolTerr": "42357", "government": "0.0", "infrastr": "0.2", "infomedia": "0.1", "economy": "0.1", "scale": "0.2", "description": "The Yayoi culture began in the western part of Japan. Agriculture began and populations increased significantly (Kidder 1993)." }
{ "NGA": "Honshu", "PolID": "JaYaof", "Time": "-100", "PolPop": "2000000", "PolTerr": "227963", "government": "0.0", "infrastr": "0.3", "infomedia": "0.2", "economy": "0.2", "scale": "0.3", "description": "Development of social hierarchy and expansion of agricultural villages. Rice agriculture flourished, and cities began to develop." }
{ "NGA": "Yamato", "PolID": "JaYaom", "Time": "300", "PolPop": "5000000", "PolTerr": "312679", "government": "0.1", "infrastr": "0.4", "infomedia": "0.3", "economy": "0.3", "scale": "0.4", "description": "Establishment of the Yamato state. Emergence of imperial system. Period of Tomb Mounds (Mori 1977)." }
{ "NGA": "Heijo-kyo", "PolID": "JaHeae", "Time": "700", "PolPop": "7000000", "PolTerr": "375443", "government": "0.1", "infrastr": "0.4", "infomedia": "0.3", "economy": "0.3", "scale": "0.4", "description": "Establishment of the imperial capital at Heijo-kyo. Taika Reforms (Hall 1966). End of the Asuka period and the beginning of the Nara period." }
{ "NGA": "Kyoto", "PolID": "JaHeie", "Time": "800", "PolPop": "6000000", "PolTerr": "350453", "government": "0.1", "infrastr": "0.4", "infomedia": "0.3", "economy": "0.3", "scale": "0.4", "description": "Imperial power struggled with the increasing power of the samurai and the development of the shoen system." }
{ "NGA": "Kamakura", "PolID": "JaKaek", "Time": "1200", "PolPop": "8000000", "PolTerr": "390454", "government": "0.1", "infrastr": "0.4", "infomedia": "0.3", "economy": "0.3", "scale": "0.4", "description": "Minamoto no Yoritomo established the Kamakura shogunate. Mongol invasions (T Turtle 2011)." }
{ "NGA": "Kyoto", "PolID": "JaMuem", "Time": "1400", "PolPop": "10000000", "PolTerr": "350435", "government": "0.1", "infrastr": "0.4", "infomedia": "0.4", "economy": "0.4", "scale": "0.4", "description": "Ashikaga shogunate. Japanese pirates interfered with Chinese trade." }
{ "NGA": "Kyoto", "PolID": "JaToet", "Time": "1600", "PolPop": "12000000", "PolTerr": "377944", "government": "0.1", "infrastr": "0.5", "infomedia": "0.4", "economy": "0.4", "scale": "0.5", "description": "Tokugawa Ieyasu established the Tokugawa shogunate at Edo." }
{ "NGA": "Edo", "PolID": "JaToel", "Time": "1700", "PolPop": "15000000", "PolTerr": "377944", "government": "0.1", "infrastr": "0.5", "infomedia": "0.4", "economy": "0.4", "scale": "0.5", "description": "Christianity suppressed, period of isolation (Hall 1966). Urbanization: the population of Edo reached 500,000." }
{ "NGA": "Tokyo", "PolID": "JaMeem", "Time": "1900", "PolPop": "40000000", "PolTerr": "377944", "government": "0.2", "infrastr": "0.6", "infomedia": "0.5", "economy": "0.5", "scale": "0.6", "description": "Meiji Restoration. Imperial system reformed. Japan opened to the West." }
{ "NGA": "Tokyo", "PolID": "JaJpr", "Time": "2000", "PolPop": "128000000", "PolTerr": "377944", "government": "0.2", "infrastr": "0.7", "infomedia": "0.5", "economy": "0.5", "scale": "0.7", "description": "Economic prosperity continued and Tokyo maintained its status as a global financial center." }