{ "NGA": "Çayönü", "PolID": "TrNeoc", "Time": "-10000", "PolPop": "10000", "PolTerr": "100", "government": "0.0", "infrastr": "0.1", "infomedia": "0.0", "economy": "0.0", "scale": "0.0", "description": "Early Neolithic site in southeastern Turkey. Emergence of settled agriculture and domestication of plants and animals." }
{ "NGA": "Çatalhöyük", "PolID": "TrNeoc", "Time": "-9000", "PolPop": "5000", "PolTerr": "50", "government": "0.0", "infrastr": "0.2", "infomedia": "0.0", "economy": "0.0", "scale": "0.0", "description": "Large Neolithic settlement in central Turkey. Known for its well-preserved mud-brick houses and intricate frescoes." }
{ "NGA": "Troy", "PolID": "TrTrojf", "Time": "-2600", "PolPop": "20000", "PolTerr": "200", "government": "0.1", "infrastr": "0.3", "infomedia": "0.1", "economy": "0.1", "scale": "0.2", "description": "City in northwest Turkey, famous for the legendary Trojan War. Early Bronze Age urban center with complex architecture and trade networks." }
{ "NGA": "Hattusa", "PolID": "TrHtkk", "Time": "-1600", "PolPop": "50000", "PolTerr": "500", "government": "0.2", "infrastr": "0.4", "infomedia": "0.2", "economy": "0.2", "scale": "0.3", "description": "Capital of the Hittite Empire in central Turkey. Known for its sophisticated laws, diplomacy, and warfare." }
{ "NGA": "Gordion", "PolID": "TrPhygk", "Time": "-900", "PolPop": "10000", "PolTerr": "100", "government": "0.1", "infrastr": "0.3", "infomedia": "0.1", "economy": "0.1", "scale": "0.2", "description": "City in central Turkey, capital of the Phrygian Kingdom. Famous for its impressive tumuli and rich cultural heritage." }
{ "NGA": "Ephesus", "PolID": "TrIonkf", "Time": "-600", "PolPop": "50000", "PolTerr": "500", "government": "0.2", "infrastr": "0.5", "infomedia": "0.3", "economy": "0.3", "scale": "0.4", "description": "Greek city on the west coast of Turkey, famous for its well-preserved ruins and rich cultural heritage." }
{ "NGA": "Constantinople", "PolID": "ByzTek", "Time": "400", "PolPop": "100000", "PolTerr": "1000", "government": "0.2", "infrastr": "0.6", "infomedia": "0.4", "economy": "0.4", "scale": "0.5", "description": "Capital of the Byzantine Empire, located on the Bosphorus Strait. Center of Christianity and Eastern Roman culture." }
{ "NGA": "Bursa", "PolID": "TrOttem", "Time": "1300", "PolPop": "50000", "PolTerr": "500", "government": "0.2", "infrastr": "0.4", "infomedia": "0.3", "economy": "0.3", "scale": "0.4", "description": "First capital of the Ottoman Empire, located in northwest Turkey. Known for its historic architecture and textiles." }
{ "NGA": "Istanbul", "PolID": "TrOttem", "Time": "1500", "PolPop": "100000", "PolTerr": "1000", "government": "0.2", "infrastr": "0.5", "infomedia": "0.4", "economy": "0.4", "scale": "0.5", "description": "Capital of the Ottoman Empire, located on the Bosphorus Strait. Center of Islamic culture and trade." }
{ "NGA": "Ankara", "PolID": "TrTkkr", "Time": "2000", "PolPop": "5000000", "PolTerr": "5000", "government": "0.3", "infrastr": "0.7", "infomedia": "0.5", "economy": "0.5", "scale": "0.6", "description": "Capital of modern Turkey, located in central Anatolia. Known for its historic architecture and vibrant cultural scene." }