{ "NGA": "Anatolia", "PolID": "TrPPNcI", "Time": "-10000", "PolPop": "0.1", "PolTerr": "0.1", "government": "0.0", "infrastr": "0.0", "infomedia": "0.0", "economy": "0.0", "scale": "0.0", "description": "Pre-Pottery Neolithic period in Anatolia, with small settlements and early farming practices (Bicakci, 2003)." }
{ "NGA": "Catalhoyuk", "PolID": "TrPPNcF", "Time": "-9000", "PolPop": "0.2", "PolTerr": "0.2", "government": "0.1", "infrastr": "0.1", "infomedia": "0.0", "economy": "0.1", "scale": "0.1", "description": "Early Pre-Pottery Neolithic period in Catalhoyuk, with more complex settlements and social hierarchies (Hodder, 2006)." }
{ "NGA": "Hittite Kingdom", "PolID": "TrHitkE", "Time": "-1600", "PolPop": "0.6", "PolTerr": "0.7", "government": "0.4", "infrastr": "0.5", "infomedia": "0.5", "economy": "0.6", "scale": "0.6", "description": "Hittite Kingdom reaches its peak, with a complex system of government, economy, and infrastructure (Bryce, 2002)." }
{ "NGA": "Byzantine Empire", "PolID": "TrByzeL", "Time": "500", "PolPop": "0.8", "PolTerr": "0.9", "government": "0.8", "infrastr": "0.8", "infomedia": "0.8", "economy": "0.8", "scale": "0.8", "description": "Byzantine Empire reaches its peak, with a complex system of government, economy, and infrastructure (Ostrogorsky, 1969)." }
{ "NGA": "Ottoman Empire", "PolID": "TrOttkE", "Time": "1500", "PolPop": "0.9", "PolTerr": "1.0", "government": "0.9", "infrastr": "0.9", "infomedia": "0.9", "economy": "0.9", "scale": "0.9", "description": "Ottoman Empire reaches its peak, with a complex system of government, economy, and infrastructure (Inalcik, 1973)." }
{ "NGA": "Republic of Turkey", "PolID": "TrTurR", "Time": "2000", "PolPop": "1.0", "PolTerr": "1.0", "government": "1.0", "infrastr": "1.0", "infomedia": "1.0", "economy": "1.0", "scale": "1.0", "description": "Modern Republic of Turkey, with a democratic system of government, economy, and infrastructure (Zurcher, 2004)." }