{ "NGA": "Fertile Crescent", "PolID": "TrNatCf", "Time": "-10000", "PolPop": "0.1", "PolTerr": "0.1", "government": "0.0", "infrastr": "0.0", "infomedia": "0.0", "economy": "0.0", "scale": "0.0", "description": "Earliest signs of Neolithic Revolution, with beginning of agriculture and animal domestication." }
{ "NGA": "Çatalhöyük", "PolID": "TrNatCm", "Time": "-7500", "PolPop": "0.2", "PolTerr": "0.2", "government": "0.1", "infrastr": "0.2", "infomedia": "0.1", "economy": "0.1", "scale": "0.1", "description": "Neolithic settlement with early signs of urbanization and social complexity." }
{ "NGA": "Troy", "PolID": "TrTroEf", "Time": "-2600", "PolPop": "0.4", "PolTerr": "0.4", "government": "0.3", "infrastr": "0.4", "infomedia": "0.4", "economy": "0.3", "scale": "0.4", "description": "Beginning of Early Bronze Age, with the establishment of city-states like Troy." }
{ "NGA": "Hittite Empire", "PolID": "TrHitEe", "Time": "-1600", "PolPop": "0.7", "PolTerr": "0.8", "government": "0.6", "infrastr": "0.7", "infomedia": "0.7", "economy": "0.6", "scale": "0.8", "description": "Establishment of the Hittite Empire, a major power in the Ancient Near East." }
{ "NGA": "Lydian Kingdom", "PolID": "TrLydEk", "Time": "-700", "PolPop": "0.5", "PolTerr": "0.6", "government": "0.5", "infrastr": "0.6", "infomedia": "0.8", "economy": "0.7", "scale": "0.6", "description": "Establishment of the Lydian Kingdom, the first to use gold and silver coins." }
{ "NGA": "Achaemenid Empire", "PolID": "TrAchEl", "Time": "-550", "PolPop": "0.9", "PolTerr": "1.0", "government": "0.9", "infrastr": "0.9", "infomedia": "0.9", "economy": "0.9", "scale": "1.0", "description": "Conquest of Anatolia by the Achaemenid Empire under Cyrus the Great." }
{ "NGA": "Roman Empire", "PolID": "TrRomEr", "Time": "100", "PolPop": "1.0", "PolTerr": "1.0", "government": "1.0", "infrastr": "1.0", "infomedia": "1.0", "economy": "1.0", "scale": "1.1", "description": "Establishment of the Roman Empire, which would later become the Byzantine Empire." }
{ "NGA": "Seljuk Empire", "PolID": "TrSelEk", "Time": "1100", "PolPop": "0.8", "PolTerr": "0.9", "government": "0.8", "infrastr": "0.8", "infomedia": "0.8", "economy": "0.8", "scale": "0.9", "description": "Conquest of Anatolia by the Seljuk Empire." }
{ "NGA": "Ottoman Empire", "PolID": "TrOttEl", "Time": "1300", "PolPop": "0.9", "PolTerr": "1.0", "government": "0.9", "infrastr": "0.9", "infomedia": "0.9", "economy": "0.9", "scale": "1.0", "description": "Establishment of the Ottoman Empire, a major power in the Middle East and Europe." }
{ "NGA": "Republic of Turkey", "PolID": "TrTurRr", "Time": "2000", "PolPop": "0.9", "PolTerr": "0.9", "government": "1.0", "infrastr": "1.0", "infomedia": "1.0", "economy": "1.1", "scale": "1.1", "description": "Establishment of the modern Republic of Turkey." }