{ "NGA": "Fertile Crescent", "PolID": "IrNeoc", "Time": "-10000", "PolPop": "0.1", "PolTerr": "0.1", "government": "0.0", "infrastr": "0.0", "infomedia": "0.0", "economy": "0.0", "scale": "0.0", "description": "Pre-Pottery Neolithic period, beginning of agriculture (Kuhn and Stiner, 2006)." }
{ "NGA": "Fertile Crescent", "PolID": "IrNeoc", "Time": "-9900", "PolPop": "0.1", "PolTerr": "0.1", "government": "0.0", "infrastr": "0.0", "infomedia": "0.0", "economy": "0.0", "scale": "0.0", "description": "Neolithic period, beginning of sedentism (Bocquet-Appel and Bar-Yosef, 2008)." }
{ "NGA": "Anatolia", "PolID": "TrHacl", "Time": "-8000", "PolPop": "0.2", "PolTerr": "0.2", "government": "0.1", "infrastr": "0.1", "infomedia": "0.0", "economy": "0.1", "scale": "0.1", "description": "Hacilar period, beginning of pottery (Mellaart, 1970)." }
{ "NGA": "Anatolia", "PolID": "TrCata", "Time": "-7000", "PolPop": "0.3", "PolTerr": "0.3", "government": "0.2", "infrastr": "0.2", "infomedia": "0.0", "economy": "0.2", "scale": "0.2", "description": "Catalhoyuk period, beginning of urbanization (Hodder, 2006)." }
{ "NGA": "Anatolia", "PolID": "TrCata", "Time": "-6000", "PolPop": "0.4", "PolTerr": "0.4", "government": "0.3", "infrastr": "0.3", "infomedia": "0.0", "economy": "0.3", "scale": "0.3", "description": "Catalhoyuk period, peak of urbanization (Hodder, 2006)." }
{ "NGA": "Anatolia", "PolID": "TrChal", "Time": "-5000", "PolPop": "0.5", "PolTerr": "0.5", "government": "0.4", "infrastr": "0.4", "infomedia": "0.0", "economy": "0.4", "scale": "0.4", "description": "Chalcolithic period, beginning of metalworking (Yener, 2000)." }
{ "NGA": "Konya Plain", "PolID": "TrBrzER", "Time": "-2300", "PolPop": "1.0", "PolTerr": "1.0", "government": "0.2", "infrastr": "0.4", "infomedia": "0.0", "economy": "0.5", "scale": "0.3", "description": "This period begins with controversy, because the transition from Late Chalcolithic to Early Bronze Age is not clear. Some scholars argue that beginning of Early Bronze age should be dated to around 3000 BCE." }
{ "NGA": "Central Anatolia", "PolID": "TrHitt", "Time": "-1600", "PolPop": "1.0", "PolTerr": "1.0", "government": "0.6", "infrastr": "0.6", "infomedia": "0.5", "economy": "0.7", "scale": "0.7", "description": "Hittite Old Kingdom period, beginning of a complex society (Bryce, 2002)." }
{ "NGA": "Central Anatolia", "PolID": "TrHitt", "Time": "-1400", "PolPop": "1.0", "PolTerr": "1.0", "government": "0.7", "infrastr": "0.7", "infomedia": "0.7", "economy": "0.8", "scale": "0.8", "description": "Hittite New Kingdom period, peak of a complex society (Bryce, 2002)." }
{ "NGA": "Eastern Anatolia", "PolID": "TrUrr", "Time": "-900", "PolPop": "1.0", "PolTerr": "1.0", "government": "0.8", "infrastr": "0.8", "infomedia": "0.8", "economy": "0.9", "scale": "0.9", "description": "Urartian Kingdom period, beginning of a state society (Zimansky, 1985)." }
{ "NGA": "Central Anatolia", "PolID": "TrPhr", "Time": "-600", "PolPop": "1.0", "PolTerr": "1.0", "government": "0.9", "infrastr": "0.9", "infomedia": "0.9", "economy": "1.0", "scale": "1.0", "description": "Phrygian Kingdom period, beginning of a state-empire society (Sams, 1995)." }
{ "NGA": "Western Anatolia", "PolID": "TrLyd", "Time": "-500", "PolPop": "1.0", "PolTerr": "1.0", "government": "1.0", "infrastr": "1.0", "infomedia": "1.0", "economy": "1.1", "scale": "1.1", "description": "Lydian Kingdom period, beginning of a state-nation society (Ramage and Craddock, 2000)." }
{ "NGA": "Central Anatolia", "PolID": "TrRom", "Time": "100", "PolPop": "1.0", "PolTerr": "1.0", "government": "1.0", "infrastr": "1.0", "infomedia": "1.0", "economy": "1.1", "scale": "1.1", "description": "Roman Empire period, peak of a state-nation society (Hopkins, 1980)." }
{ "NGA": "Central Anatolia", "PolID": "TrByz", "Time": "500", "PolPop": "1.0", "PolTerr": "1.0", "government": "1.0", "infrastr": "1.0", "infomedia": "1.0", "economy": "1.1", "scale": "1.1", "description": "Byzantine Empire period, beginning of a state-nation society (Ostrogorsky, 1969)." }
{ "NGA": "Central Anatolia", "PolID": "TrSel", "Time": "1000", "PolPop": "1.0", "PolTerr": "1.0", "government": "1.0", "infrastr": "1.0", "infomedia": "1.0", "economy": "1.1", "scale": "1.1", "description": "Seljuk Empire period, beginning of a state-nation society (Cahen, 1968)." }
{ "NGA": "Central Anatolia", "PolID": "TrOtt", "Time": "1300", "PolPop": "1.0", "PolTerr": "1.0", "government": "1.0", "infrastr": "1.0", "infomedia": "1.0", "economy": "1.1", "scale": "1.1", "description": "Ottoman Empire period, beginning of a state-nation society (Inalcik, 1973)." }
{ "NGA": "Central Anatolia", "PolID": "TrTur", "Time": "1900", "PolPop": "1.0", "PolTerr": "1.0", "government": "1.0", "infrastr": "1.0", "infomedia": "1.0", "economy": "1.1", "scale": "1.1", "description": "Modern Turkey period, beginning of a nation-state society (Zurcher, 2004)." }
{ "NGA": "Central Anatolia", "PolID": "TrTur", "Time": "2010", "PolPop": "1.0", "PolTerr": "1.0", "government": "1.0", "infrastr": "1.0", "infomedia": "1.0", "economy": "1.1", "scale": "1.1", "description": "Modern Turkey period, contemporary society (Hale and Ozbudun, 2010)." }