{ "NGA": "Honshu", "PolID": "JpJmpcEi", "Time": "-10000", "PolPop": "0.0", "PolTerr": "0.1", "government": "0.0", "infrastr": "0.0", "infomedia": "0.0", "economy": "0.0", "scale": "0.0", "description": "First inhabitants of Japan, hunter-gatherers groups (Kitagawa and Yasuda, 2008)." }
{ "NGA": "Honshu", "PolID": "JpJmpcEi", "Time": "-9900", "PolPop": "0.1", "PolTerr": "0.1", "government": "0.0", "infrastr": "0.0", "infomedia": "0.0", "economy": "0.0", "scale": "0.0", "description": "Incipient Jomon culture (Kobayashi, 2004)." }
{ "NGA": "Honshu", "PolID": "JpJmteE", "Time": "-500", "PolPop": "0.4", "PolTerr": "0.4", "government": "0.2", "infrastr": "0.3", "infomedia": "0.1", "economy": "0.2", "scale": "0.3", "description": "Yayoi period, introduction of rice agriculture (Hudson, 1999)." }
{ "NGA": "Kyoto", "PolID": "JpYmkE", "Time": "-100", "PolPop": "0.6", "PolTerr": "0.6", "government": "0.4", "infrastr": "0.6", "infomedia": "0.5", "economy": "0.6", "scale": "0.6", "description": "Yamatai state, first Japanese state (Brown, 1993)." }
{ "NGA": "Nara", "PolID": "JpNmke", "Time": "700", "PolPop": "0.7", "PolTerr": "0.7", "government": "0.7", "infrastr": "0.8", "infomedia": "0.8", "economy": "0.8", "scale": "0.8", "description": "Nara period, capital of Nara, Buddhism introduction (Brown, 1993)." }
{ "NGA": "Kyoto", "PolID": "JpHiee", "Time": "1200", "PolPop": "0.8", "PolTerr": "0.8", "government": "0.9", "infrastr": "0.9", "infomedia": "0.9", "economy": "0.9", "scale": "0.9", "description": "Heian period, imperial court (Adolphson, 2000)." }
{ "NGA": "Edo", "PolID": "JpTeie", "Time": "1600", "PolPop": "0.9", "PolTerr": "0.9", "government": "1.0", "infrastr": "1.0", "infomedia": "1.0", "economy": "1.0", "scale": "1.0", "description": "Edo period, Tokugawa shogunate (Hall, 1991)." }
{ "NGA": "Tokyo", "PolID": "JpMije", "Time": "1900", "PolPop": "1.0", "PolTerr": "1.0", "government": "1.0", "infrastr": "1.0", "infomedia": "1.0", "economy": "1.1", "scale": "1.1", "description": "Meiji period, modernization of Japan (Gordon, 2003)." }