{ "NGA": "Andean Highlands", "PolID": "EcAsdCi", "Time": "-10000", "PolPop": "0.0", "PolTerr": "0.1", "government": "0.0", "infrastr": "0.0", "infomedia": "0.0", "economy": "0.0", "scale": "0.0", "description": "Early human presence in Ecuador, hunter-gatherer groups." }
{ "NGA": "Esmeraldas River", "PolID": "EcLscn", "Time": "-9000", "PolPop": "0.1", "PolTerr": "0.2", "government": "0.1", "infrastr": "0.1", "infomedia": "0.0", "economy": "0.1", "scale": "0.1", "description": "Development of nomad hunter groups and sparse villages." }
{ "NGA": "Cuenca", "PolID": "EcChaER", "Time": "-500", "PolPop": "0.3", "PolTerr": "0.4", "government": "0.3", "infrastr": "0.3", "infomedia": "0.1", "economy": "0.3", "scale": "0.3", "description": "Rise of the Cañari culture, with large villages and simple domains." }
{ "NGA": "Quito", "PolID": "EcShyEk", "Time": "100", "PolPop": "0.5", "PolTerr": "0.6", "government": "0.5", "infrastr": "0.5", "infomedia": "0.4", "economy": "0.5", "scale": "0.5", "description": "Expansion of the Quitu culture, with complex domains and kingdoms." }
{ "NGA": "Inca Road", "PolID": "PeInkE", "Time": "1400", "PolPop": "0.7", "PolTerr": "0.8", "government": "0.7", "infrastr": "0.6", "infomedia": "0.5", "economy": "0.6", "scale": "0.7", "description": "Inca Empire expansion, with archaic state and road network." }
{ "NGA": "Spanish Colonies", "PolID": "SpaColE", "Time": "1500", "PolPop": "0.8", "PolTerr": "0.9", "government": "0.8", "infrastr": "0.7", "infomedia": "0.6", "economy": "0.7", "scale": "0.8", "description": "Spanish colonization, with state-empire and exploitation of native labor." }
{ "NGA": "Ecuador", "PolID": "EcRepR", "Time": "1800", "PolPop": "0.9", "PolTerr": "1.0", "government": "0.9", "infrastr": "0.8", "infomedia": "0.7", "economy": "0.8", "scale": "0.9", "description": "Ecuadorian independence, with state-nation and modern economy." }
{ "NGA": "Amazon Rainforest", "PolID": "EcJivn", "Time": "1900", "PolPop": "0.1", "PolTerr": "0.2", "government": "0.1", "infrastr": "0.1", "infomedia": "0.0", "economy": "0.1", "scale": "0.1", "description": "Jivaroan peoples maintain their traditional way of life, with nomad hunter groups and sparse villages." }
{ "NGA": "Ecuador", "PolID": "EcRepR", "Time": "2000", "PolPop": "1.0", "PolTerr": "1.0", "government": "1.0", "infrastr": "1.0", "infomedia": "1.0", "economy": "1.0", "scale": "1.0", "description": "Modern Ecuador, with state-nation, global economy and high level of social complexity." }