{ "NGA": "Southeastern Anatolia", "PolID": "TrPPNcE", "Time": "-10000", "PolPop": "0.1", "PolTerr": "0.1", "government": "0.1", "infrastr": "0.1", "infomedia": "0.0", "economy": "0.0", "scale": "0.0", "description": "Pre-Pottery Neolithic Period began around 10,000 BCE. [1]" }
{ "NGA": "Southeastern Anatolia", "PolID": "TrPPNcE", "Time": "-9900", "PolPop": "0.2", "PolTerr": "0.1", "government": "0.1", "infrastr": "0.2", "infomedia": "0.0", "economy": "0.0", "scale": "0.0", "description": "During this time agriculture and animal husbandry began. [1]" }
{ "NGA": "Southeastern Anatolia", "PolID": "TrPPNlE", "Time": "-9800", "PolPop": "0.2", "PolTerr": "0.2", "government": "0.2", "infrastr": "0.3", "infomedia": "0.1", "economy": "0.1", "scale": "0.1", "description": "Peoples established permanent settlements. [1]" }
{ "NGA": "Southeastern Anatolia", "PolID": "TrPNciE", "Time": "-9700", "PolPop": "0.3", "PolTerr": "0.3", "government": "0.3", "infrastr": "0.4", "infomedia": "0.1", "economy": "0.2", "scale": "0.2", "description": "Early Pottery Neolithic period. [1]" }
{ "NGA": "Central Anatolia", "PolID": "TrChHiE", "Time": "-4500", "PolPop": "0.6", "PolTerr": "0.6", "government": "0.4", "infrastr": "0.6", "infomedia": "0.5", "economy": "0.5", "scale": "0.4", "description": "Development of Chalcolithic period in Anatolia. [2]" }
{ "NGA": "Konya Plain", "PolID": "TrBrzER", "Time": "-2300", "PolPop": "1.0", "PolTerr": "1.0", "government": "0.2", "infrastr": "0.4", "infomedia": "0.0", "economy": "0.5", "scale": "0.3", "description": "This period begins with controversy, because the transition from Late Chalcolithic to Early Bronze Age is not clear. Some scholars argue that beginning of Early Bronze age should be dated to around 3000 BCE." }
{ "NGA": "Anatolia", "PolID": "TrHttk", "Time": "-1700", "PolPop": "0.9", "PolTerr": "0.9", "government": "0.7", "infrastr": "0.8", "infomedia": "0.8", "economy": "0.7", "scale": "0.6", "description": "Establishment of the Hittite kingdom in central Anatolia." }
{ "NGA": "Western Anatolia", "PolID": "TrLykc", "Time": "-1300", "PolPop": "0.7", "PolTerr": "0.7", "government": "0.5", "infrastr": "0.6", "infomedia": "0.5", "economy": "0.6", "scale": "0.5", "description": "The Lydians were a prominent kingdom in western Anatolia." }
{ "NGA": "Central Anatolia", "PolID": "TrPhrc", "Time": "-800", "PolPop": "0.8", "PolTerr": "0.8", "government": "0.8", "infrastr": "0.9", "infomedia": "0.9", "economy": "0.8", "scale": "0.7", "description": "Establishment of the Phrygian kingdom in central Anatolia." }
{ "NGA": "Anatolia", "PolID": "TrSelk", "Time": "-300", "PolPop": "0.9", "PolTerr": "0.9", "government": "0.9", "infrastr": "1.0", "infomedia": "1.0", "economy": "0.9", "scale": "0.8", "description": "The Seleucid Empire established control over much of Anatolia." }
{ "NGA": "Anatolia", "PolID": "TrRmnE", "Time": "100", "PolPop": "1.0", "PolTerr": "1.0", "government": "1.0", "infrastr": "1.0", "infomedia": "1.0", "economy": "1.0", "scale": "1.0", "description": "Anatolia was a major center of trade and culture during the Roman Empire." }
{ "NGA": "Anatolia", "PolID": "TrByzk", "Time": "600", "PolPop": "0.9", "PolTerr": "0.9", "government": "0.9", "infrastr": "0.9", "infomedia": "0.9", "economy": "0.8", "scale": "0.7", "description": "The Byzantine Empire, with its capital in Constantinople, dominated Anatolia for centuries." }
{ "NGA": "Anatolia", "PolID": "TrOttE", "Time": "1300", "PolPop": "1.0", "PolTerr": "1.0", "government": "1.0", "infrastr": "1.0", "infomedia": "1.0", "economy": "1.0", "scale": "1.0", "description": "The Ottoman Empire, founded in the 13th century, played a major role in shaping Anatolia's history." }
{ "NGA": "Turkey", "PolID": "TrTuR", "Time": "1900", "PolPop": "1.0", "PolTerr": "1.0", "government": "1.0", "infrastr": "1.0", "infomedia": "1.0", "economy": "1.1", "scale": "1.1", "description": "Establishment of the modern Republic of Turkey." }
{ "NGA": "Turkey", "PolID": "TrTuR", "Time": "2010", "PolPop": "1.0", "PolTerr": "1.0", "government": "1.0", "infrastr": "1.0", "infomedia": "1.0", "economy": "1.1", "scale": "1.1", "description": "Turkey continues to evolve as a modern nation-state." }