{ "NGA": "Kyushu", "PolID": "JaJomoncI", "Time": "-10000", "PolPop": "0.1", "PolTerr": "0.1", "government": "0.0", "infrastr": "0.0", "infomedia": "0.0", "economy": "0.0", "scale": "0.0", "description": "The Jomon period began around 10000 BC, with the first signs of human habitation in Japan (Kobayashi, 2004)." }
{ "NGA": "Honshu", "PolID": "JaJomoncF", "Time": "-9000", "PolPop": "0.2", "PolTerr": "0.2", "government": "0.0", "infrastr": "0.0", "infomedia": "0.0", "economy": "0.0", "scale": "0.0", "description": "The Jomon people developed a more complex society, with the emergence of regional differences in pottery styles (Habu, 2004)." }
{ "NGA": "Shikoku", "PolID": "JaJomoncE", "Time": "-8000", "PolPop": "0.3", "PolTerr": "0.3", "government": "0.0", "infrastr": "0.0", "infomedia": "0.0", "economy": "0.0", "scale": "0.0", "description": "The Jomon people began to develop more complex tools and social structures (Pearson, 2007)." }
{ "NGA": "Kyushu", "PolID": "JaYayoiL", "Time": "-300", "PolPop": "0.6", "PolTerr": "0.6", "government": "0.2", "infrastr": "0.4", "infomedia": "0.0", "economy": "0.3", "scale": "0.4", "description": "The Yayoi period began around 300 BC, with the introduction of agriculture and the emergence of more complex societies (Hudson, 1999)." }
{ "NGA": "Honshu", "PolID": "JaYayoik", "Time": "-100", "PolPop": "0.7", "PolTerr": "0.7", "government": "0.3", "infrastr": "0.5", "infomedia": "0.0", "economy": "0.5", "scale": "0.5", "description": "The Yayoi people developed a more complex system of government, with the emergence of regional kingdoms (Barnes, 2015)." }
{ "NGA": "Kinai", "PolID": "JaYamatoE", "Time": "300", "PolPop": "0.8", "PolTerr": "0.8", "government": "0.5", "infrastr": "0.6", "infomedia": "0.5", "economy": "0.6", "scale": "0.7", "description": "The Yamato state emerged around 300 CE, with the unification of various regional kingdoms (Hall, 1966)." }
{ "NGA": "Nara", "PolID": "JaNarak", "Time": "700", "PolPop": "0.8", "PolTerr": "0.8", "government": "0.6", "infrastr": "0.7", "infomedia": "0.7", "economy": "0.7", "scale": "0.8", "description": "The Nara period saw the emergence of a more centralized government, with the establishment of a permanent capital (Toby, 1984)." }
{ "NGA": "Heian-kyo", "PolID": "JaHeianE", "Time": "800", "PolPop": "0.9", "PolTerr": "0.9", "government": "0.7", "infrastr": "0.8", "infomedia": "0.8", "economy": "0.8", "scale": "0.9", "description": "The Heian period saw the emergence of a more complex system of government, with the establishment of a imperial court (Hall, 1966)." }
{ "NGA": "Kamakura", "PolID": "JaKamakuE", "Time": "1200", "PolPop": "0.9", "PolTerr": "0.9", "government": "0.8", "infrastr": "0.9", "infomedia": "0.9", "economy": "0.9", "scale": "1.0", "description": "The Kamakura period saw the emergence of a more militarized government, with the establishment of a shogunate (Mass, 1976)." }
{ "NGA": "Edo", "PolID": "JaEdoE", "Time": "1600", "PolPop": "1.0", "PolTerr": "1.0", "government": "0.9", "infrastr": "1.0", "infomedia": "1.0", "economy": "1.0", "scale": "1.1", "description": "The Edo period saw the emergence of a more centralized government, with the establishment of a Tokugawa shogunate (Hall, 1966)." }
{ "NGA": "Tokyo", "PolID": "JaMeijiE", "Time": "1900", "PolPop": "1.0", "PolTerr": "1.0", "government": "1.0", "infrastr": "1.0", "infomedia": "1.0", "economy": "1.1", "scale": "1.1", "description": "The Meiji period saw the emergence of a more modernized government, with the establishment of a constitutional monarchy (Gluck, 1985)." }
{ "NGA": "Tokyo", "PolID": "JaJapanE", "Time": "2000", "PolPop": "1.0", "PolTerr": "1.0", "government": "1.0", "infrastr": "1.0", "infomedia": "1.0", "economy": "1.1", "scale": "1.1", "description": "Contemporary Japan is a highly developed country, with a complex system of government and economy (Curtis, 1999)." }