{ "NGA": "Amazon Rainforest", "PolID": "EcJvnci", "Time": "-10000", "PolPop": "0.1", "PolTerr": "0.2", "government": "0.0", "infrastr": "0.0", "infomedia": "0.0", "economy": "0.0", "scale": "0.0", "description": "Early hunter-gatherer groups in the Amazon Rainforest, with no clear evidence of complex societies." }
{ "NGA": "Andean Highlands", "PolID": "EcChnci", "Time": "-9000", "PolPop": "0.2", "PolTerr": "0.3", "government": "0.1", "infrastr": "0.1", "infomedia": "0.0", "economy": "0.1", "scale": "0.1", "description": "Emergence of nomad hunters and sparse villages in the Andean Highlands." }
{ "NGA": "Coastal Ecuador", "PolID": "EcVnci", "Time": "-8000", "PolPop": "0.3", "PolTerr": "0.4", "government": "0.2", "infrastr": "0.2", "infomedia": "0.0", "economy": "0.2", "scale": "0.2", "description": "Development of large villages and early complex societies in Coastal Ecuador." }
{ "NGA": "Cañari Territory", "PolID": "EcCnkf", "Time": "-500", "PolPop": "0.5", "PolTerr": "0.6", "government": "0.4", "infrastr": "0.4", "infomedia": "0.4", "economy": "0.5", "scale": "0.5", "description": "Cañari civilization flourishes in southern Ecuador, with complex domains and early state formation." }
{ "NGA": "Inca Empire", "PolID": "PeInce", "Time": "-100", "PolPop": "0.7", "PolTerr": "0.8", "government": "0.7", "infrastr": "0.6", "infomedia": "0.7", "economy": "0.7", "scale": "0.8", "description": "Inca Empire expands into Ecuador, bringing imperial rule and bureaucracy." }
{ "NGA": "Spanish Colonies", "PolID": "SpCoR", "Time": "1500", "PolPop": "0.4", "PolTerr": "0.5", "government": "0.9", "infrastr": "0.8", "infomedia": "0.9", "economy": "0.9", "scale": "0.9", "description": "Spanish colonization of Ecuador, with the establishment of colonial rule and institutions." }
{ "NGA": "Ecuadorian Republic", "PolID": "EcReR", "Time": "1800", "PolPop": "0.6", "PolTerr": "0.7", "government": "1.0", "infrastr": "0.9", "infomedia": "1.0", "economy": "1.0", "scale": "1.0", "description": "Ecuador gains independence from Spain and becomes a republic, with a modern government and institutions." }
{ "NGA": "Jivaro Territory", "PolID": "EcJvn", "Time": "1900", "PolPop": "0.2", "PolTerr": "0.3", "government": "0.2", "infrastr": "0.2", "infomedia": "0.0", "economy": "0.2", "scale": "0.2", "description": "Jivaro people maintain their traditional way of life in the Amazon Rainforest, with limited contact with the outside world." }
{ "NGA": "Ecuadorian Amazon", "PolID": "EcAmn", "Time": "2000", "PolPop": "0.5", "PolTerr": "0.6", "government": "0.8", "infrastr": "0.8", "infomedia": "0.9", "economy": "0.9", "scale": "0.9", "description": "Ecuadorian Amazon region experiences deforestation and colonization, with conflicts between indigenous groups and settlers." }