{ "NGA": "Amazon Rainforest", "PolID": "EcJivcI", "Time": "-10000", "PolPop": "0.1", "PolTerr": "0.2", "government": "0.0", "infrastr": "0.0", "infomedia": "0.0", "economy": "0.0", "scale": "0.0", "description": "The earliest known human presence in Ecuador dates back to around 10,000 BCE, with the Jivaroan peoples inhabiting the Amazon Rainforest (Bakan 2018)." }
{ "NGA": "Cuenca Valley", "PolID": "EcCanfE", "Time": "-500", "PolPop": "0.4", "PolTerr": "0.5", "government": "0.2", "infrastr": "0.4", "infomedia": "0.5", "economy": "0.5", "scale": "0.5", "description": "The Cañari people developed a complex society in the Cuenca Valley, with a system of chiefs and a strong economy based on agriculture and trade (Ogburn 2008)." }
{ "NGA": "Quito Valley", "PolID": "EcInceL", "Time": "1500", "PolPop": "0.7", "PolTerr": "0.8", "government": "0.9", "infrastr": "0.9", "infomedia": "1.0", "economy": "1.0", "scale": "1.0", "description": "The Inca Empire, under the rule of Huayna Capac, expanded into Ecuador and established Quito as a major city, with a sophisticated system of government, infrastructure, and economy (Bauer 2006)." }
{ "NGA": "Ecuador", "PolID": "EcSpnr", "Time": "2000", "PolPop": "0.9", "PolTerr": "1.0", "government": "1.0", "infrastr": "1.0", "infomedia": "1.0", "economy": "1.1", "scale": "1.1", "description": "In the 20th century, Ecuador experienced significant economic growth, urbanization, and modernization, with a democratic government and a diverse economy (Palacios 2007)." }