date,outlook,temperature,humidity,windy,play,notes
08/12/2001,sunny,31,2,85,FALSE,no,"match not played, too hot and humid"
10/01/2001,sunny,29,1,88,TRUE,no,"match not played, too windy, humid and hot"
10/04/2001,overcast,27,5,86,FALSE,yes,match played. winner is player A
10/09/2001,rainy,19,1,96,FALSE,yes,match played under the rain. winner is player C
10/12/2001,rainy,18,5,80,FALSE,yes,match played under the rain. winner is player F
10/01/2001,rainy,19,4,70,TRUE,no,match not played. too windy
10/04/2001,overcast,21,7,65,TRUE,yes,match played. winner is player G
10/09/2001,sunny,25,7,95,FALSE,no,match not played. player I injuried
10/12/2001,sunny,26,3,70,TRUE,yes,match played. winner is player L
10/01/2001,rainy,22,5,80,FALSE,yes,match played. winner is player A
10/04/2001,sunny,20,1,70,TRUE,yes,match played. winner is player F
10/09/2001,overcast,19,7,90,FALSE,yes,match played. winner is player F
10/12/2001,overcast,19,6,75,TRUE,yes,match played. winner is player G
10/01/2001,rainy,16,7,91,TRUE,no,match not played. too rainy and windy
10/04/2001,overcast,19,4,75,TRUE,yes,match played. winner is player G