{
    "code": 200, 
    "result": {
        "annotations": {
            "USFD_GATE_NLP": [], 
            "USFD_GATE_entities": [], 
            "USFD_GATE_events": [], 
            "USFD_GATE_opinions": []
        }, 
        "content": "990  lascio al metronotte lonore di arrivare a 1000\n", 
        "features": {
            "USFD_GATE_events+opinions_count": {
                "Address": 0, 
                "Date": 0, 
                "Event": 0, 
                "Identifier": 0, 
                "Location": 0, 
                "Money": 0, 
                "NP": 0, 
                "Organization": 0, 
                "Percent": 0, 
                "Person": 0, 
                "Sentence": 0, 
                "SentenceSentiment": 0, 
                "Token": 0, 
                "VG": 0
            }, 
            "USFD_GATE_events+opinions_processed": true, 
            "USFD_GATE_lang": "it", 
            "Websays_apiObjectID": "li-comment-347547", 
            "Websays_author": "bobobo123", 
            "Websays_authorType": "anonymous", 
            "Websays_date": "2014-05-21T10:36:00+02:00", 
            "Websays_domain": "zucconi.blogautore.repubblica.it", 
            "Websays_embeddedMediaType": "UNKNOWN", 
            "Websays_externalID": "821867937", 
            "Websays_indexingTimeStamp": "2014-07-10T17:28:11.215+02:00", 
            "Websays_isBestComment": false, 
            "Websays_langDetected": "italian", 
            "Websays_mood": "UNKNOWN", 
            "Websays_numOfComments": "0", 
            "Websays_postID": "-1573695198", 
            "Websays_sourceID": "http://zucconi.blogautore.repubblica.it/2014/04/16/il-donno-barbuto/", 
            "Websays_sourceType": "blog", 
            "Websays_superType": "blog", 
            "Websays_textHTML": "990  lascio al metronotte lonore di arrivare a 1000\n", 
            "Websays_title": "Il donno barbuto : Comment.", 
            "Websays_type": "comment", 
            "Websays_versionID": "1", 
            "Websays_websaysPolarity": "-1", 
            "provenance": "WebsaysXML"
        }, 
        "id": 26340415489481186113846088646, 
        "name": "Il donno barbuto : Comment."
    }, 
    "success": true
}
