seshat_long_name,seshat_polities,chronos_polities,seshat_century,chronos_century,pop,terr,popcap,geo,ecothreat1,ecothreat2,heterogeneity,genderstructure,complexity,socialstructure,moralizingreligion
Hephthalites,AfHepht,AfHptn*,500.0,500.0,26500000.0,2700000.0,100000.0,0.0,0.2,,,0.2,0.224191,0.15,0.69230769230769229
Eastern Han Empire,CnEHan*,CnHanel,100.0,100.0,23244000.0,4810000.0,309000.0,0.05,0.85,1.0,,0.2,0.759863,0.2,0.84615384615384615
Erligang,CnErlig,CnErgk*,-1500.0,-1400.0,1738000.0,340000.0,69000.0,0.05,0.6,0.2,,0.2,0.32596043750000009,0.15,0.0
Erlitou,CnErlit,CnErtk*,-1800.0,-1700.0,558000.0,15000.0,37000.0,0.05,0.3,0.8,,0.2,0.30090421428571423,0.15,0.0
Chu Kingdom - Spring Autumn Period,CnJinSA,CnJsak*,-600.0,-600.0,21364000.0,160000.0,152000.0,0.05,1.7,0.1,,0.2,0.62050956666666657,0.2,0.46153846153846156
Longshan,CnLngsh,"CnLshcl, CnLshcm, CnLshce",-2500.0,-2400.0,98000.0,2000.0,23000.0,0.05,1.2000000000000002,1.1,,0.2,0.12208750450450447,0.15,0.0
Jin Dynasty,CnLrJin,CnGjne*,1200.0,1200.0,66763000.0,3600000.0,902000.0,0.05,0.35,0.4,0.30000000000000004,0.2,0.76518700000000028,0.2,0.69230769230769229
Great Ming,CnMing*,"CnMngel, CnMngee",1500.0,1500.0,105907000.0,4011000.0,540000.0,0.05,1.1500000000000001,1.2,,0.2,0.71343432142857144,0.2,0.76923076923076927
Northern Song,CnNSong,CnSnge*,1000.0,1000.0,56439000.0,2741000.0,730000.0,0.05,1.05,0.4,0.60000000000000009,0.2,0.8410363529411764,0.2,0.69230769230769229
Northern Wei,CnNWei*,CnNwek*,500.0,500.0,22262000.0,1278000.0,599000.0,0.05,1.4000000000000001,0.5,0.4,0.2,0.55549627777777788,0.17222222222222225,0.84615384615384615
Early Qing,CnQingE,CnQngee,1700.0,1700.0,170592000.0,10667000.0,803000.0,0.05,0.5,0.8,,0.2,0.72237526666666663,0.2,0.76923076923076927
Late Qing,CnQingL,CnQngel,1900.0,1900.0,357967000.0,12636000.0,998000.0,0.05,1.1,0.65,,0.2,0.82617627272727268,0.2,0.76923076923076927
Late Shang,CnShang,CnShakl,-1200.0,-1200.0,4931000.0,816000.0,14000.0,0.05,0.95000000000000018,0.60000000000000009,,0.2,0.41820944,0.198,0.076923076923076927
Sui Dynasty,CnSui**,CnSuik*,600.0,600.0,28231000.0,2400000.0,561000.0,0.05,0.39999999999999997,0.2,,0.2,0.6674483333333332,0.2,0.84615384615384615
Tang Dynasty I,CnTangE,CnTngee,700.0,700.0,35014000.0,4753000.0,840000.0,0.05,0.70000000000000007,0.2,,0.2,0.81392839999999989,0.2,0.84615384615384615
Tang Dynasty II,CnTangL,CnTngel,800.0,800.0,44040000.0,3329000.0,998000.0,0.05,0.90000000000000013,0.8,,0.2,0.78100935714285724,0.2,0.84615384615384615
Western Han Empire,CnWHan*,CnHanee,-100.0,-100.0,35673000.0,10114000.0,340000.0,0.05,0.5,0.60000000000000009,0.2,0.2,0.77230404545454545,0.2,0.84615384615384615
Western Zhou,CnWZhou,CnWzhe*,-1000.0,-900.0,12063000.0,846000.0,97000.0,0.05,0.9,0.7,,0.2,0.56290051851851863,0.2,0.38461538461538464
Yangshao,CnYngsh,"CnYngcl, CnYngcm, CnYngce",-4000.0,-4000.0,25000.0,1000.0,2000.0,0.05,,,0.2,0.13731343283582081,0.081833557213930333,0.1,0.0
Mongol Empire,CnYuan*,MnMkhe*,1300.0,1300.0,77595000.0,21415000.0,717000.0,0.0,1.4,1.2,,0.2,0.61716861538461543,0.2,0.76923076923076927
Shuar - Colonial,EcJivaE,EcJvrc*,1700.0,1700.0,10000.0,2000.0,500.0,-0.1,0.05,0.2,0.1,0.2,0.0521015,0.1,0.0
Shuar - Ecuadorian,EcJivaL,EcJvrc*,1900.0,1900.0,29000.0,2000.0,500.0,-0.1,,,,0.2,0.060539076923076925,0.1,0.0
Ayyubid Sultanate,EgAyyub,EgAyye*,1200.0,1200.0,9000000.0,1500000.0,200000.0,0.1,0.7,0.30000000000000004,,0.2,0.66894,0.1,0.84615384615384615
Badarian,EgBadar,"EgBdrcl, EgBdrcm, EgBdrce",-4100.0,-4100.0,4000.0,5000.0,500.0,0.1,0.3,,0.1,0.06666666666666668,0.027397216666666668,0.16666666666666669,0.46153846153846156
Egypt - Dynasty I,EgDyn1*,EgPdyk*,-3000.0,-3000.0,908000.0,90000.0,20000.0,0.1,0.35000000000000003,0.15000000000000002,,0.2,0.23511553846153843,0.2,0.69230769230769229
Egypt - Dynasty II,EgDyn2*,EgEgyei,-2800.0,-2800.0,1100000.0,206000.0,20000.0,0.1,0.15000000000000002,0.30000000000000004,,0.2,0.2403298095238095,0.2,0.69230769230769229
Egypt - Inter-Occupation Period,EgIntOc,EgOcck*,-400.0,-400.0,2000000.0,500000.0,50000.0,0.1,0.25,,,0.2,0.540145,0.2,0.92307692307692313
Egypt - Mamluk Sultanate I,EgMamBh,EgMamke,1300.0,1300.0,6323000.0,2100000.0,185000.0,0.1,0.4,0.7,0.2,0.2,0.71463315384615378,0.15,0.84615384615384615
Egypt - Mamluk Sultanate III,EgMamBu,EgMamkl,1500.0,1500.0,5815000.0,2377000.0,258000.0,0.1,0.60000000000000009,1.3,0.1,0.2,0.71094046153846147,0.15,0.84615384615384615
Egypt - Middle Kingdom,EgMidKg,EgEgyem,-1900.0,-1900.0,1969000.0,403000.0,30000.0,0.1,0.49999999999999994,0.75,,0.2,0.5541121875,0.2,0.84615384615384615
Egypt - New Kingdom Ramesside Period,EgNKRam,EgEgyet,-1200.0,-1200.0,3000000.0,746000.0,300000.0,0.1,0.55,0.60000000000000009,0.1,0.2,0.559607,0.2,0.92307692307692313
Egypt - New Kingdom Thutmosid Period,EgNKThu,EgEgyel,-1400.0,-1400.0,3500000.0,567000.0,82000.0,0.1,0.05,0.2,,0.2,0.56166584615384618,0.2,0.92307692307692313
Naqada I,EgNaqa1,EgNaqce,-3700.0,-3700.0,19000.0,10000.0,1000.0,0.1,,,,0.2,0.0683388,0.2,0.46153846153846156
Naqada II,EgNaqa2,EgNaqcm,-3400.0,-3400.0,38000.0,10000.0,7000.0,0.1,,0.3,0.2,0.2,0.18575265000000002,0.2,0.61538461538461542
Egypt - Dynasty 0,EgNaqa3,EgNaqcl,-3200.0,-3200.0,181000.0,21000.0,15000.0,0.1,0.2,,,0.2,0.2014251875,0.2,0.69230769230769229
Egypt - Classic Old Kingdom,EgOldK1,EgEgyef,-2500.0,-2500.0,1500000.0,350000.0,50000.0,0.1,,0.30000000000000004,0.1,0.2,0.55187625000000007,0.2,0.69230769230769229
Egypt - Late Old Kingdom,EgOldK2,EgEgyee,-2300.0,-2300.0,1500000.0,350000.0,50000.0,0.1,0.1,0.30000000000000004,,0.2,0.562206090909091,0.2,0.84615384615384615
Ptolemaic Kingdom II,EgPtol2,EgPtlkl,-100.0,-100.0,1500000.0,833000.0,300000.0,0.1,0.54999999999999993,0.4,,0.2,0.720596,0.15,0.92307692307692313
Egypt - Period of the Regions,EgRegns,EgNomk*,-2100.0,-2100.0,1500000.0,300000.0,30000.0,0.1,0.6,,,0.2,0.542054,0.2,0.84615384615384615
Egypt - Saite Period,EgSaite,EgSaie*,-600.0,-600.0,2000000.0,408000.0,70000.0,0.1,0.55,,,0.2,0.53613107692307693,0.2,0.92307692307692313
Egypt - Thebes-Hyksos Period,EgThebH,EgHykk*,-1600.0,-1600.0,2000000.0,410000.0,30000.0,0.1,0.6,0.35,,0.2,0.554612,0.15,0.92307692307692313
Egypt - Thebes-Libyan Period,EgThebL,"EgThbkl, EgThbke",-900.0,-900.0,1500000.0,265000.0,120000.0,0.1,0.60000000000000009,,0.1,0.2,0.46691956250000005,0.2,0.92307692307692313
Egypt - Tulunid-Ikhshidid Period,EgTulIk,EgTulk*,900.0,900.0,6500000.0,800000.0,150000.0,0.1,0.35,,,0.2,0.53870075,0.17500000000000002,0.84615384615384615
Spanish Empire I,EsHabsb,SpHasee,1700.0,1600.0,36393000.0,7894000.0,807000.0,0.2,1.45,1.2,,0.2,0.814842947368421,0.15,0.84615384615384615
Chuuk State (Micronesia) early period,FmTrukE,PgAuscl,1800.0,700.0,2116000.0,247000.0,500.0,0.2,0.1,,,0.1,0.095930019999999991,0.15,0.69230769230769229
Atlantic Complex,FrAtlBA,"FrAtlct, FrAtlcl, FrAtlcm, FrAtlce",-1600.0,-1700.0,2451000.0,1379000.0,2000.0,0.2,,,0.5,0.2,0.13744885714285721,0.15,0.46153846153846156
Beaker Culture,FrBeakr,"FrBkrcl, FrBkrcm, FrBkrce",-2700.0,-2700.0,871000.0,935000.0,500.0,0.0,0.05,,0.5,0.2,0.1108758469387755,0.15,0.46153846153846156
French Kingdom - Early Bourbon,FrBurbE,FrBurke,1600.0,1600.0,20138000.0,1289000.0,327000.0,0.1,0.2,0.1,,0.2,0.75116025000000008,0.15,0.84615384615384615
French Kingdom - Late Bourbon,FrBurbL,FrBurkl,1700.0,1700.0,24680000.0,1652000.0,544000.0,0.1,0.7,0.64999999999999991,,0.2,0.77220392307692309,0.1423076923076923,0.84615384615384615
Proto-French Kingdom,FrCaptE,FrCapke,1100.0,1100.0,2162000.0,32000.0,17000.0,0.1,0.25,0.35,,0.2,0.32107388888888888,0.1388888888888889,0.76923076923076927
French Kingdom - Late Capetian,FrCaptL,FrCapkl,1200.0,1200.0,7571000.0,182000.0,84000.0,0.1,1.1,0.4,,0.2,0.6675313125,0.15,0.76923076923076927
Carolingian Empire I,FrCarlE,FrCarke,800.0,800.0,13899000.0,810000.0,26000.0,0.1,0.2,0.2,,0.2,0.3878794,0.15,0.84615384615384615
Hallstatt A-B1,FrHallA,GeHalce,-1000.0,-1100.0,4095000.0,2000000.0,500.0,-0.0500000000000001,,,,0.2,0.12691940000000002,0.15,0.46153846153846156
Hallstatt B2-3,FrHallB,GeHalcm,-800.0,-700.0,5518000.0,2000000.0,2000.0,-0.05,0.30000000000000004,,,0.2,0.17371016666666667,0.15,0.46153846153846156
Hallstatt C,FrHallC,GeHalcl,-700.0,-700.0,5906000.0,2000000.0,3000.0,-0.049999999999999885,0.30000000000000004,,,0.2,0.17702511111111113,0.15,0.46153846153846156
Hallstatt D,FrHallD,GeHalct,-500.0,-600.0,6838000.0,2000000.0,4000.0,-0.0499999999999999,0.2,,,0.2,0.18096363636363635,0.15,0.46153846153846156
Early Merovingian,FrMervE,FrMrvke,500.0,500.0,2132000.0,600000.0,26000.0,0.1,0.25,0.3,,0.2,0.50995044444444448,0.15,0.76923076923076927
Proto-Carolingian,FrMervL,FrMrvkl,700.0,700.0,8746000.0,250000.0,30000.0,0.1,0.75000000000000011,,,0.2,0.51970712499999994,0.15,0.76923076923076927
Middle Merovingian,FrMervM,FrMrvkm,600.0,600.0,4444000.0,600000.0,30000.0,0.1,0.2,0.3,,0.2,0.52034845454545453,0.15,0.76923076923076927
La Tene A-B1,FrTeneA,FrTence,-400.0,-400.0,8923000.0,2200000.0,4000.0,-0.049999999999999947,0.35,0.1,,0.2,0.18875283333333334,0.16944444444444445,0.46153846153846156
La Tene B2-C1,FrTeneB,FrTencm,-300.0,-300.0,11472000.0,2400000.0,2000.0,-0.05,0.4,,,0.2,0.2710608000000001,0.115,0.46153846153846156
La Tene C2-D,FrTeneC,"FrTenct, FrTencl",-100.0,-100.0,15679000.0,2621000.0,6000.0,-0.05,0.45,,,0.2,0.29333315789473685,0.10526315789473685,0.46153846153846156
French Kingdom - Early Valois,FrValoE,FrValke,1400.0,1400.0,13431000.0,321000.0,195000.0,0.10454545454545455,0.6,0.7,,0.2,0.72340145454545457,0.15,0.76923076923076927
French Kingdom - Late Valois,FrValoL,FrValkl,1500.0,1500.0,17566000.0,449000.0,231000.0,0.1,0.6,0.5,,0.2,0.74323215384615382,0.15,0.76923076923076927
British Empire II,GbEmpr2,UkBriel,1800.0,1900.0,400000000.0,35000000.0,2000000.0,0.2,0.2,0.3,,0.2,0.8872245,0.15,0.84615384615384615
Akan - Pre-Ashanti,GhAshnE,"GhDnke*, GhAkace, GhAkacf",1600.0,1500.0,77000.0,21000.0,2000.0,-0.1,1.05,,0.5,0.05,0.21962697777777779,0.2,0.69230769230769229
Ashanti Empire,GhAshnL,GhAnte*,1800.0,1800.0,1435000.0,239000.0,10000.0,-0.1,0.55000000000000016,,,0.1,0.39867926315789476,0.2,0.69230769230769229
Hawaii I,Hawaii1,HaHwice,1100.0,1100.0,1000.0,3000.0,500.0,-0.2,,,,0.2,0.013629764705882353,0.15,0.076923076923076927
Hawaii II,Hawaii2,"HaHwicl, HaHwicm",1400.0,1400.0,22000.0,10000.0,500.0,-0.2,,0.2,,0.2,0.095622763157894725,0.15,0.076923076923076927
Hawaii III,Hawaii3,HaHwik*,1700.0,1700.0,128000.0,10000.0,1000.0,-0.2,0.55,0.2,,0.2,0.20736300000000005,0.15,0.15384615384615385
Java - Buni Culture,IdCJBun,IdBunc*,100.0,0.0,30000.0,20000.0,1000.0,0.2,0.3,,0.4,0.0,0.066492,0.15,0.0
Kalingga Kingdom,IdKalin,IdKalk*,600.0,600.0,150000.0,60000.0,2000.0,0.2,0.05,,,0.2,0.15278726086956523,0.2,0.61538461538461542
Kediri Kingdom,IdKedir,IdKedk*,1100.0,1100.0,250000.0,70000.0,11000.0,0.2,0.3,0.1,,0.2,0.43293589473684213,0.2,0.76923076923076927
Majapahit Kingdom,IdMajap,IdMpte*,1400.0,1400.0,3957000.0,396000.0,152000.0,0.2,1.1500000000000001,0.1,,0.2,0.60553456521739146,0.2,0.76923076923076927
Mataram Sultanate,IdMatrm,IdMtrk*,1600.0,1700.0,3188000.0,84000.0,180000.0,0.2,1.0,0.60000000000000009,,0.2,0.6078650625,0.153125,0.84615384615384615
Medang Kingdom,IdMedng,"IdMdnkl, IdMdnke",900.0,900.0,214000.0,117000.0,4000.0,0.2,0.70000000000000018,0.5,0.2,0.2,0.44105955172413797,0.17931034482758618,0.76923076923076927
Canaan,IlCanaa,IlCankl,-1600.0,-1800.0,60000.0,15000.0,10000.0,0.0,0.8,0.4,0.35,0.2,0.337132,0.13870967741935486,0.076923076923076927
Yehuda,IlJudea,IlJudk*,-100.0,-100.0,275000.0,8000.0,100000.0,0.2,0.35,0.45,,0.2,0.279975625,0.1875,0.0
Yisrael,IlYisrl,IlYsrk*,-900.0,-900.0,700000.0,55000.0,40000.0,0.05,1.0,0.89999999999999991,,0.2,0.542093,0.13846153846153844,0.076923076923076927
Deccan - Iron Age,InDecIA,"InVedkl, InVedcm, InVedce",-800.0,-1000.0,200000.0,200000.0,2000.0,0.0,0.7,0.35,0.55,0.2,0.20662287341772148,0.1936708860759494,0.0
Deccan - Neolithic,InDecNL,"InOchc*, InChrcl",-2000.0,-2000.0,69000.0,83000.0,500.0,0.0,0.4,,0.60000000000000009,0.0,0.0674443,0.12499999999999994,0.0
Delhi Sultanate,InDelh*,"InDelkl, InDelke",1400.0,1400.0,70323000.0,2097000.0,400000.0,0.0,1.1500000000000001,1.15,,0.2,0.78614390322580663,0.15,0.84615384615384615
Gupta Empire,InGupta,"InGptel, InGptee",400.0,400.0,18240000.0,1380000.0,150000.0,0.0,1.0,0.39999999999999997,,0.2,0.4594582,0.15,0.76923076923076927
Mahajanapada era (north India late Vedic period),InMahaJ,InMjpk*,-500.0,-500.0,2500000.0,220000.0,25000.0,0.0,0.45,0.05,0.2,0.2,0.330908,0.10172413793103449,0.46153846153846156
Magadha - Maurya Empire,InMaury,InMaue*,-200.0,-200.0,50000000.0,2357000.0,170000.0,0.0,0.5,0.2,,0.2,0.63846385714285725,0.2,0.69230769230769229
Rashtrakuta Empire,InRasht,InRstk*,900.0,800.0,6000000.0,600000.0,100000.0,0.0,0.3,,,0.2,0.55108,0.2,0.76923076923076927
Magadha - Sunga Empire,InSunga,InSune*,-100.0,-100.0,38364000.0,4000000.0,164000.0,0.0,0.3,0.05,0.2,0.2,0.34108509090909084,0.11818181818181819,0.61538461538461542
Abbasid Caliphate I,IqAbbs1,IqAbsee,800.0,900.0,17064000.0,5630000.0,561000.0,0.052500000000000005,0.9,0.35000000000000003,0.35,0.2,0.621007,0.1,0.84615384615384615
Akkadian Empire,IqAkkad,IqAkke*,-2200.0,-2300.0,382000.0,976000.0,41000.0,0.05,0.45,1.2999999999999998,,0.2,0.4508111578947368,0.2,0.69230769230769229
Kassite Babylonia,IqBabKs,IqBabkm,-1400.0,-1400.0,1135000.0,250000.0,48000.0,0.05,1.2500000000000004,0.1,0.5,0.2,0.42586100000000005,0.2,0.53846153846153844
Bazi Dynasty,IqBazi*,IqBazk*,-1000.0,-1000.0,275000.0,23000.0,13000.0,0.05,0.2,0.2,,0.2,0.31775359999999997,0.2,0.53846153846153844
Dynasty of E,IqDynE*,IqDnek*,-900.0,-800.0,1370000.0,25000.0,11000.0,0.05,0.95000000000000007,0.5,,0.2,0.370633375,0.2,0.53846153846153844
Early Dynastic Sumer,IqEDyn*,"IqSumkm, IqSumke",-2600.0,-2700.0,67000.0,22000.0,45000.0,0.05,0.4,,,0.2,0.41697433333333339,0.2,0.53846153846153844
Isin-Larsa,IqIsinL,IqIsnkl,-1900.0,-1900.0,259000.0,25000.0,199000.0,0.05,0.05,0.2,,0.2,0.43115118181818179,0.2,0.53846153846153844
Neo-Assyrian Empire,IqNAssr,IqAsre*,-600.0,-700.0,1302000.0,1400000.0,13000.0,0.05,0.35,0.25,0.2,0.2,0.44742036363636362,0.2,0.61538461538461542
Neo-Babylonian Empire,IqNeoBb,IqBabe*,-600.0,-600.0,1659000.0,800000.0,14000.0,0.05,0.44999999999999996,0.35,,0.2,0.36429777777777772,0.2,0.61538461538461542
Ubaid,IqUbaid,"IqUbakt, IqUbakl, IqUbakm, IqUbake, IqUbakf",-4900.0,-4800.0,3000.0,16000.0,2000.0,0.05,0.05,0.15,0.30000000000000004,0.2,0.07157733774834435,0.13046357615894036,0.0
Ur - Dynasty III,IqUrIII,IqUrdk*,-2100.0,-2100.0,299000.0,50000.0,110000.0,0.05,0.35000000000000003,,,0.2,0.42637227272727268,0.2,0.69230769230769229
Uruk,IqUruk*,"IqJmdk*, IqUrukl, IqUrukm, IqUruke",-3600.0,-3400.0,34000.0,19000.0,25000.0,0.05,0.25,0.4,0.1,0.2,0.25984747272727282,0.2,0.0
Achaemenid Empire,IrAchae,IrAche*,-400.0,-400.0,2422000.0,4310000.0,17000.0,-0.05,1.3,1.0,,0.2,0.76425423809523818,0.2,0.76923076923076927
Buyid Confederation,IrBuyid,IrBuyk*,1000.0,1000.0,5989000.0,1000000.0,430000.0,0.05,0.6,0.2,,0.2,0.4981005,0.1,0.84615384615384615
Fertile Crescent Period,IrForma,IqOuec*,-7100.0,-6100.0,1000.0,16000.0,500.0,0.05,,,,0.0,0.0224294,0.15,0.0
Parthian Empire I,IrPart1,IrParee,-0.0,-0.0,3890000.0,2044000.0,261000.0,0.0,1.05,0.39999999999999997,0.4,0.2,0.57846063157894734,0.15,0.92307692307692313
Parthian Empire II,IrPart2,IrParel,100.0,100.0,5533000.0,2882000.0,205000.0,0.0,0.9,0.8,,0.2,0.58395288235294107,0.15,0.15384615384615385
Sasanid Empire I,IrSasn1,IrSasee,400.0,400.0,8304000.0,3254000.0,117000.0,0.05,0.75,0.45,,0.2,0.61486450000000015,0.15,0.92307692307692313
Sasanid Empire II,IrSasn2,IrSasel,600.0,600.0,16691000.0,3123000.0,351000.0,0.05,0.6,,,0.2,0.6604072307692308,0.15,0.84615384615384615
Seleucids,IrSeleu,GrSele*,-200.0,-200.0,18517000.0,2599000.0,67000.0,0.0,1.9000000000000004,0.2,,0.2,0.58414655555555539,0.15,0.92307692307692313
Seljuk Sultanate,IrSeljq,IrSlqe*,1100.0,1100.0,11681000.0,3561000.0,662000.0,-0.05,1.1500000000000001,,,0.2,0.66432994117647048,0.15,0.84615384615384615
Latium - Bronze Age,ItLatBA,"ItApncl, ItApncm, ItApnce, ItApncf, ItApnci",-1400.0,-1500.0,2000.0,11000.0,500.0,-0.05,0.05,0.3,1.55,0.0,0.028256858585858607,0.19040404040404035,0.46153846153846156
Ostrogothic Kingdom,ItOstrg,GeGmpk*,500.0,500.0,1791000.0,673000.0,147000.0,-0.1,0.95,0.3,0.2,0.2,0.6161002,0.1,0.84615384615384615
Papal States - High Medieval Period,ItPapHM,ItHorem,1300.0,1300.0,10023000.0,1000000.0,33000.0,-0.1,0.85000000000000009,0.55,,0.2,0.6400319,0.2,0.84615384615384615
Papal States - Medieval Period I,ItPapM1,ItPapre,1600.0,1600.0,1702000.0,44000.0,85000.0,-0.1,0.4,0.4,,0.2,0.60628399999999993,0.2,0.84615384615384615
Papal States - Medieval Period II,ItPapM2,ItPaprl,1700.0,1800.0,2178000.0,44000.0,182000.0,-0.1,0.5,0.30000000000000004,,0.2,0.622864619047619,0.2,0.84615384615384615
Papal States - Renaissance Period,ItPapRn,ItHorel,1500.0,1500.0,11895000.0,873000.0,40000.0,-0.1,0.60000000000000009,0.05,,0.2,0.6840744,0.2,0.84615384615384615
Exarchate of Ravenna,ItRav**,ItRavk*,600.0,700.0,1163000.0,44000.0,171000.0,-0.1,1.2,0.8,,0.2,0.55947077777777776,0.1,0.92307692307692313
Early Roman Republic,ItRomER,ItRomre,-400.0,-400.0,421000.0,25000.0,49000.0,-0.05,0.95000000000000018,0.85000000000000009,,0.2,0.51040061904761891,0.15,0.46153846153846156
Late Roman Republic,ItRomLR,ItRomrl,-100.0,-100.0,34473000.0,2511000.0,550000.0,0.2,0.85000000000000009,0.4,,0.2,0.61831911111111115,0.15,0.0
Middle Roman Republic,ItRomMR,ItRomrm,-200.0,-200.0,8540000.0,469000.0,179000.0,0.184375,0.95000000000000007,0.75000000000000011,0.30000000000000004,0.2,0.59636,0.12812500000000002,0.61538461538461542
Roman Empire - Principate,ItRomPr,ItRomee,100.0,100.0,57789000.0,4994000.0,1296000.0,0.2,1.4500000000000002,3.1000000000000005,,0.2,0.67741546875,0.19843750000000002,0.76923076923076927
Roman Kingdom,ItRomRg,ItRomk*,-600.0,-600.0,49000.0,15000.0,17000.0,-0.05,0.60000000000000009,1.2,0.2,0.2,0.27417270370370372,0.18333333333333335,0.53846153846153844
Western Roman Empire - Late Antiquity,ItRomWe,ItRomet,400.0,400.0,23944000.0,2475000.0,345000.0,0.2,0.79999999999999993,0.3,,0.2,0.77949375,0.1,0.84615384615384615
Republic of St Peter I,ItStPet,ItSptr*,800.0,800.0,793000.0,40000.0,113000.0,-0.1,0.15000000000000002,,,0.2,0.5423966,0.2,0.84615384615384615
Ashikaga Shogunate,JpAshik,JpMrmke,1400.0,1400.0,10000000.0,290000.0,150000.0,0.2,0.55,0.15,,0.2,0.464006,0.15384615384615385,1.0
Asuka,JpAsuka,JpAsue*,600.0,600.0,2000000.0,310000.0,20000.0,0.2,0.15000000000000002,0.1,0.2,0.2,0.612737,0.1,0.69230769230769229
Japan - Azuchi-Momoyama,JpAzMom,JpAzme*,1600.0,1600.0,18000000.0,290000.0,300000.0,0.2,0.55,0.2,,0.2,0.526896,0.15,1.0
Heian,JpHeian,"JpHeiel, JpHeiee",1000.0,1000.0,4513000.0,310000.0,180000.0,0.2,0.6,0.35,,0.2,0.62308832499999989,0.2,0.76923076923076927
Japan - Incipient Jomon,JpJomo1,JpJmnni,-11400.0,-10500.0,2000.0,310000.0,500.0,0.2,,,,0.0,0.062041,0.1,0.0
Japan - Initial Jomon,JpJomo2,JpJmncf,-7300.0,-7300.0,3000.0,310000.0,500.0,0.2,,0.1,,0.0,0.073827248717948712,0.1,0.0
Japan - Early Jomon,JpJomo3,JpJmnce,-4400.0,-4400.0,10000.0,310000.0,500.0,0.2,,,,0.0,0.092764,0.11666666666666675,0.0
Japan - Middle Jomon,JpJomo4,JpJmncm,-3000.0,-3000.0,26000.0,310000.0,500.0,0.2,,,,0.0,0.099999,0.15,0.0
Japan - Late Jomon,JpJomo5,JpJmncl,-1900.0,-1700.0,17000.0,310000.0,500.0,0.2,0.3,,,0.0,0.092263207547169782,0.2,0.0
Japan - Final Jomon,JpJomo6,JpJmnct,-700.0,-600.0,80000.0,310000.0,1000.0,0.2,0.3,,0.30000000000000004,0.0,0.094134,0.17666666666666658,0.0
Kamakura Shogunate,JpKamak,JpKamk*,1300.0,1300.0,6000000.0,290000.0,150000.0,0.2,0.49999999999999994,0.4,,0.2,0.61132,0.17333333333333334,0.92307692307692313
Kansai - Kofun Period,JpKofun,"JpKfnel, JpKfnee",400.0,400.0,364000.0,310000.0,3000.0,0.2,0.1,0.5,,0.2,0.28854634482758629,0.2,0.076923076923076927
Warring States Japan,JpSengk,JpMrmkl,1500.0,1500.0,17000000.0,290000.0,100000.0,0.2,0.35,0.25,,0.2,0.446242,0.15,0.92307692307692313
Tokugawa Shogunate,JpTokgw,JpEdoe*,1700.0,1700.0,27654000.0,290000.0,950000.0,0.2,0.05,0.70000000000000007,0.2,0.2,0.744480076923077,0.2,0.84615384615384615
Kansai - Yayoi Period,JpYayoi,"JpYaykl, JpYayke",-0.0,-0.0,825000.0,310000.0,2000.0,0.2,0.25,,0.1,0.2,0.21271711538461541,0.2,0.0
Andronovo,KzAndro,InVedcf,-1700.0,-1500.0,200000.0,200000.0,1000.0,0.0,0.1,,0.15,0.2,0.117041,0.155,0.30769230769230771
Phoenician Empire,LbAcPho,LbPhec*,-1100.0,-1100.0,500000.0,55000.0,40000.0,0.2,0.3,,,0.2,0.410324,0.15,0.076923076923076927
Archaic Basin of Mexico,MxArch*,MxCoxnt,-4000.0,-2500.0,1000.0,4000.0,500.0,-0.1,,,,0.0,0.011478,0.1,0.0
Aztec Empire,MxAztec,MxAzte*,1500.0,1500.0,3538000.0,7000.0,200000.0,0.2,0.75,0.75,,0.2,0.63012877777777776,0.2,0.76923076923076927
Classic Basin of Mexico,MxClass,"MxTeokl, MxTeoke",400.0,300.0,67000.0,6000.0,100000.0,-0.05,0.1,1.2000000000000002,0.4,0.2,0.36560068656716427,0.13955223880597015,0.69230769230769229
Epiclassic Basin of Mexico,MxEpicl,"MxCcxk*, MxChok*",800.0,800.0,134000.0,6000.0,27000.0,-0.05,0.3,,,0.2,0.39416970833333337,0.2,0.69230769230769229
Early Formative Basin of Mexico,MxFormE,MxTlac*,-1000.0,-1000.0,8000.0,4000.0,3000.0,-0.1,0.1,,,0.2,0.162494325,0.2,0.0
Late Formative Basin of Mexico,MxFormL,MxEpok*,-300.0,-200.0,28000.0,6000.0,26000.0,-0.05,0.1,0.3,0.15,0.2,0.18919175000000002,0.2,0.69230769230769229
Middle Formative Basin of Mexico,MxFormM,MxCuik*,-600.0,-600.0,15000.0,6000.0,5000.0,-0.05,0.25,0.05,0.15,0.2,0.17224555000000008,0.2,0.0
Initial Formative Basin of Mexico,MxInitl,"MxOlmc*, MxPrec*",-1600.0,-1600.0,3000.0,4000.0,1000.0,-0.1,,,0.35,0.2,0.09466871250000003,0.17500000000000002,0.0
Middle Postclassic Basin of Mexico,MxPostM,MxAtpk*,1300.0,1300.0,1650000.0,6000.0,25000.0,0.0,0.7,,,0.2,0.32971708695652174,0.2,0.76923076923076927
Toltecs,MxToltc,MxTltc*,1100.0,1000.0,393000.0,6000.0,50000.0,-0.05,0.7,0.7,0.1,0.200000000000001,0.3720417333333334,0.2,0.76923076923076927
Cuzco - Early Intermediate I,PeCuzE1,PeLimce,400.0,300.0,4000.0,1000.0,500.0,-0.1,0.05,,,0.0,0.053665333333333329,0.15,0.0
Cuzco - Early Intermediate II,PeCuzE2,"PeWrief, PeLimcl",600.0,600.0,19000.0,2000.0,1000.0,-0.1,0.2,,,0.0,0.129899375,0.2,0.0
Cuzco - Late Intermediate I,PeCuzL1,PeLipke,1100.0,1100.0,125000.0,20000.0,17000.0,-0.1,0.2,0.05,,0.2,0.3782197,0.10250000000000001,0.15384615384615385
Cuzco - Late Intermediate II,PeCuzL2,PeLipkl,1300.0,1300.0,1243000.0,21000.0,30000.0,-0.1,0.05,0.05,,0.2,0.40491486956521738,0.15,0.15384615384615385
Cuzco - Late Formative,PeCuzLF,PeLimcf,100.0,100.0,1000.0,0.0,500.0,-0.1,,,,0.0,0.0302138,0.1,0.0
Inca Empire,PeInca*,PeInce*,1500.0,1500.0,6238000.0,655000.0,80000.0,-0.1,0.55,0.6,,0.2,0.55426545454545462,0.2,0.15384615384615385
Wari Empire,PeWari*,"PeWriel, PeWriee",800.0,800.0,82000.0,20000.0,1000.0,-0.1,0.5,0.6,,0.0,0.26186255882352949,0.2,0.0
Orokaiva - Pre-Colonial,PgOrokE,"PgPapcl, PgPapce",1800.0,1600.0,9000.0,22000.0,1000.0,0.0,0.5,0.3,0.2,0.2,0.2131888125,0.2,0.0
Sakha - Early,RuYakuE,RuYakn*,1500.0,1600.0,50000.0,1100000.0,500.0,-0.05,0.45,0.35,0.30000000000000004,0.0,0.090722642857142849,0.1,0.46153846153846156
Egypt - Kushite Period,SdKusht,SdKste*,-700.0,-700.0,2000000.0,600000.0,65000.0,0.1,0.2,0.05,,0.2,0.433446,0.2,0.92307692307692313
Umayyad Caliphate,SyCalUm,SyUmmk*,700.0,700.0,3187000.0,11000000.0,422000.0,0.05,0.9,0.1,,0.2,0.587110375,0.1,0.84615384615384615
Fatimid Caliphate,TnFatim,TnFtmk*,1100.0,1100.0,4250000.0,1162000.0,120000.0,0.1,0.75,0.4,0.1,0.2,0.7202428,0.1,0.92307692307692313
Konya Plain - Early Bronze Age,TrBrzER,"TrLuwkl, TrLuwke, TrHatc*",-2500.0,-2600.0,31000.0,25000.0,7000.0,-0.05,0.35,,0.4,0.2,0.16522943999999995,0.15,0.0
Konya Plain - Late Bronze Age II,TrBrzL2,TrHttem,-1500.0,-1400.0,159000.0,75000.0,16000.0,-0.05,0.6,0.2,0.1,0.2,0.46231725,0.2,0.46153846153846156
Middle Bronze Age in Central Anatolia,TrBrzMD,TrAsrk*,-1900.0,-1900.0,72000.0,25000.0,10000.0,-0.05,1.05,0.1,0.1,0.2,0.35291576666666674,0.15,0.0
Byzantine Empire I,TrByzM1,TrByzee,700.0,700.0,8766000.0,690000.0,108000.0,0.2,1.55,1.0,,0.2,0.75367228000000008,0.2,0.84615384615384615
Byzantine Empire II,TrByzM2,TrByzel,1000.0,1000.0,10841000.0,812000.0,179000.0,0.2,1.1,0.30000000000000004,0.35,0.2,0.59358104761904762,0.2,0.84615384615384615
Late Cappadocia,TrCappL,TrCpdkl,-100.0,-100.0,330000.0,130000.0,53000.0,-0.05,0.65,,,0.2,0.39916540000000006,0.15,0.61538461538461542
Konya Plain - Early Chalcolithic,TrClcER,TrCthcl,-5800.0,-5900.0,4000.0,10000.0,3000.0,-0.05,,,,0.05,0.067683433333333334,0.15,0.0
Konya Plain - Late Chalcolithic,TrClcLT,"TrSatct, TrYzgcl, TrYzgcm, TrYzgce, RoCctc*, TrMldc*, TrYumkt, TrYumkl, TrYumke, TrGvrkl, TrGvrke",-4000.0,-4200.0,10000.0,42000.0,3000.0,-0.043478260869565237,0.54999999999999993,0.7,0.6,0.2,0.14651159130434788,0.14565217391304353,0.0
East Roman Empire,TrERom*,TrRomet,500.0,500.0,16755000.0,1591000.0,384000.0,0.2,0.45000000000000007,1.9,,0.2,0.77437254545454537,0.2,0.84615384615384615
Hatti - New Kingdom,TrHatNK,TrHttel,-1300.0,-1300.0,1205000.0,316000.0,19000.0,-0.05,1.0,0.95,0.1,0.2,0.61468312500000011,0.2,0.46153846153846156
Hatti - Old Kingdom,TrHatOK,TrHttee,-1600.0,-1600.0,385000.0,115000.0,13000.0,-0.05,0.35000000000000003,0.2,,0.2,0.47886565,0.2,0.46153846153846156
Kingdom of Lydia,TrLydia,"TrLydkl, TrLydke",-600.0,-600.0,3149000.0,375000.0,31000.0,0.18214285714285713,1.0,,0.2,0.2,0.43679585714285718,0.15,0.38461538461538464
Neo-Hittite Kingdoms,TrNHitt,TrNhtk*,-1000.0,-1100.0,154000.0,137000.0,19000.0,-0.05,0.4,,,0.2,0.39236023529411762,0.15,0.46153846153846156
Konya Plain - Early Neolithic,TrNeoER,"TrAshcl, TrAshcm, TrAshce",-8300.0,-7800.0,1000.0,5000.0,500.0,-0.05,0.5,,0.15,0.0,0.017434857142857148,0.18571428571428569,0.0
Konya Plain - Late Neolithic,TrNeoLT,"TrCthcm, TrCthce, TrCthcf",-6300.0,-6300.0,6000.0,7000.0,5000.0,-0.05,,0.99999999999999989,,0.0,0.0714256,0.15,0.0
Ottoman Emirate,TrOttm1,TrOttef,1400.0,1400.0,2310000.0,247000.0,26000.0,0.2,0.4,,,0.2,0.57926850000000008,0.15,0.84615384615384615
Ottoman Empire I,TrOttm2,TrOttee,1500.0,1500.0,10176000.0,2241000.0,237000.0,0.2,0.15000000000000002,,0.30000000000000004,0.2,0.7784874,0.15,0.84615384615384615
Ottoman Empire II,TrOttm3,TrOttem,1600.0,1600.0,27015000.0,4931000.0,695000.0,0.2,0.5,0.45000000000000007,,0.2,0.84422315384615376,0.15,0.84615384615384615
Ottoman Empire III,TrOttm4,TrOttel,1800.0,1800.0,26945000.0,4682000.0,809000.0,0.2,0.4,0.4,,0.2,0.84686299999999992,0.15,0.84615384615384615
Phrygian Kingdom,TrPhryg,TrPhrk*,-800.0,-800.0,566000.0,100000.0,17000.0,-0.05,0.5,0.3,,0.2,0.19184457142857142,0.15,0.38461538461538464
Roman Empire - Dominate,TrRomDm,ItRomel,400.0,300.0,37353000.0,4500000.0,771000.0,0.2,0.9,,,0.2,0.675897090909091,0.14545454545454545,0.84615384615384615
Tabal Kingdoms,TrTabal,TrTblk*,-900.0,-900.0,218000.0,110000.0,17000.0,-0.05,0.2,,,0.2,0.177564875,0.2,0.46153846153846156
Cahokia - Lohman-Stirling,USCahoE,NaCahke,1100.0,1100.0,24000.0,20000.0,11000.0,0.1,,0.44999999999999996,0.1,0.2,0.21355266666666667,0.15,0.0
Cahokia - Moorehead,USCahoL,NaCahkl,1200.0,1200.0,50000.0,20000.0,15000.0,0.1,,,0.1,0.2,0.210517,0.15,0.0
early Illiniwek (Illinois Confederation),USIllin,UsIllc*,1700.0,1700.0,12000.0,20000.0,4000.0,0.1,0.5,0.3,,0.2,0.12219045454545455,0.15,0.0
Kingdom of Hawaii - Kamehameha Period,USKameh,HaKmhk*,1800.0,1800.0,193000.0,15000.0,2000.0,-0.2,0.6,0.5,0.60000000000000009,0.2,0.31572969999999995,0.2,0.23076923076923078
Cahokia - Early Woodland,USMisEW,NaWooce,-400.0,-400.0,2000.0,20000.0,500.0,0.1,,,0.2,0.0,0.026013599999999994,0.1,0.0
Cahokia - Emergent Mississippian II,USMisME,NaMisc*,1000.0,1000.0,48000.0,400000.0,500.0,0.1,,,,0.2,0.17985864285714287,0.1,0.0
Cahokia - Middle Woodland,USMisMW,NaWoocm,100.0,-100.0,3000.0,20000.0,500.0,0.1,,,0.2,0.0,0.039993838709677425,0.05,0.0
Cahokia - Late Woodland II,USMisMu,NaWoocl,500.0,500.0,4000.0,20000.0,500.0,0.1,0.30000000000000004,0.3,0.2,0.2,0.0474478,0.1,0.0
Cahokia - Late Woodland III,USMisPa,NaWoocl,700.0,700.0,4000.0,20000.0,500.0,0.1,,,,0.2,0.0483929,0.1,0.0
Cahokia - Late Woodland I,USMisRo,NaHpwc*,400.0,300.0,34000.0,300000.0,500.0,0.1,0.30000000000000004,0.45,,0.0,0.11164162500000001,0.05,0.0
Cahokia - Sand Prairie,USMisSd,NaCahkt,1300.0,1300.0,50000.0,20000.0,11000.0,0.1,,0.6,,0.2,0.20692283333333333,0.15,0.0
Cahokia - Emergent Mississippian I,USMisSp,NaMisc*,800.0,900.0,45000.0,400000.0,500.0,0.1,,,0.2,0.2,0.164609,0.1,0.0
Oneota,USOneot,NaOnec*,1500.0,1500.0,533000.0,350000.0,1000.0,0.1,0.30000000000000004,0.3,0.1,0.2,0.10582480000000001,0.1,0.0
Koktepe I,UzKok01,UzKktn*,-1200.0,-1300.0,150000.0,200000.0,500.0,0.0,,,,0.2,0.116845,0.15,0.30769230769230771
Timurid Empire,UzTimur,UzTmre*,1400.0,1400.0,50653000.0,4729000.0,235000.0,0.05,0.55,0.1,0.4,0.2,0.59776228571428569,0.1,0.84615384615384615